-31124,267766,-31108,267780,True
-30880,267830,-30866,267842,True
-30614,267794,-30598,267808,True
-33428,267086,-33418,267094,False
-32480,267018,-32470,267030,False
-30208,267078,-30194,267090,True
-30998,266898,-30984,266914,False
-30756,266874,-30748,266882,False
-33720,266776,-33706,266792,True
-31664,266766,-31654,266778,-1
-30192,266798,-30184,266808,True
-33686,266628,-33674,266640,True
-33488,266676,-33478,266686,True
-33366,266668,-33354,266680,False
-31634,266856,-31628,266864,True
-31252,266628,-31244,266636,False
-30978,266612,-30966,266624,True
-30520,266706,-30510,266716,False
-33786,266514,-33776,266528,False
-32914,266544,-32886,266576,-1
-31598,266500,-31586,266510,False
-31138,266478,-31124,266490,False
-33706,266424,-33692,266438,True
-33094,266452,-33080,266466,False
-30110,266390,-30100,266400,True
-30710,266314,-30690,266334,False
-31844,266166,-31836,266176,True
-31174,266176,-31154,266194,-1
-30976,266150,-30954,266172,True
-30844,266162,-30836,266170,True
-40558,265968,-40546,265976,False
-31032,265984,-31008,266004,-1
-39264,265890,-39248,265906,True
-37738,265876,-37730,265882,False
-31230,265838,-31210,265858,True
-31300,265922,-31288,265934,False
-30678,265962,-30666,265974,True
-30582,265844,-30572,265854,True
-40636,265818,-40626,265828,-1
-40186,265810,-40178,265818,False
-40672,265782,-40662,265792,-1
-39436,265818,-39428,265826,True
-39424,265770,-39406,265792,-1
-39030,265794,-39008,265816,True
-37806,265810,-37796,265820,False
-37854,265812,-37840,265826,-1
-37398,265716,-37384,265728,-1
-35410,265708,-35394,265720,False
-32608,265838,-32598,265848,False
-31008,265804,-31002,265810,False
-30802,265824,-30792,265832,False
-30466,265722,-30454,265730,True
-42098,265662,-42086,265674,True
-40760,265646,-40750,265654,False
-40496,265604,-40488,265614,False
-40332,265580,-40322,265590,False
-38044,265678,-38034,265688,False
-37806,265580,-37792,265594,False
-35334,265690,-35322,265702,True
-33632,265604,-33622,265616,False
-31064,265660,-31050,265678,True
-42208,265518,-42198,265526,False
-41218,265556,-41210,265562,False
-40724,265534,-40716,265546,True
-40370,265510,-40338,265542,True
-40102,265550,-40088,265562,False
-39976,265478,-39962,265490,False
-37016,265514,-36986,265540,True
-35810,265466,-35794,265484,False
-35726,265522,-35714,265530,True
-31366,265524,-31352,265538,False
-31088,265556,-31078,265568,False
-30942,265478,-30928,265492,True
-30320,265544,-30308,265556,True
-30292,265562,-30284,265568,False
-42172,265374,-42142,265404,False
-41728,265332,-41716,265344,True
-41004,265378,-40986,265394,False
-40398,265388,-40384,265400,True
-39886,265388,-39872,265404,-1
-33260,265364,-33248,265378,False
-32080,265358,-32066,265370,False
-42860,265230,-42850,265240,-1
-42524,265276,-42512,265288,True
-40332,265254,-40318,265268,True
-30922,265274,-30908,265284,True
-40976,265160,-40966,265172,True
-40890,265076,-40880,265084,False
-40158,265134,-40148,265144,False
-42262,264984,-42248,264994,True
-41658,264972,-41646,264982,-1
-40516,265064,-40502,265078,True
-33796,264984,-33788,264990,False
-32394,264970,-32382,264986,True
-31208,265068,-31198,265078,False
-40992,264886,-40984,264896,False
-42408,264742,-42382,264766,True
-40382,265300,-40366,265312,True
-36498,264674,-36486,264686,True
-36488,264700,-36480,264708,False
-35680,264684,-35670,264694,False
-34858,264764,-34842,264776,-1
-34816,264772,-34806,264782,True
-34050,264678,-34040,264688,False
-30366,264802,-30352,264816,True
-41734,264626,-41724,264636,True
-30276,265166,-30268,265174,True
-43286,264530,-43274,264542,True
-42366,264518,-42356,264526,True
-40290,264544,-40280,264552,True
-39648,264500,-39638,264512,True
-37240,264512,-37232,264518,False
-35566,264500,-35554,264512,True
-32120,264488,-32110,264498,False
-31522,264466,-31498,264486,False
-42338,264416,-42332,264424,False
-42142,264492,-42132,264500,True
-38666,264362,-38656,264368,True
-38258,264376,-38252,264384,True
-37894,264322,-37884,264332,False
-37486,264442,-37476,264450,False
-34964,264606,-34958,264612,False
-31550,264412,-31538,264424,True
-30618,264356,-30606,264366,False
-30314,264350,-30306,264360,-1
-40546,264206,-40536,264216,True
-38202,264194,-38190,264206,False
-32210,264190,-32192,264214,-1
-30214,264230,-30204,264238,True
-36162,264068,-36150,264080,True
-35602,264130,-35590,264142,False
-31486,264094,-31472,264108,True
-30716,264110,-30708,264116,False
-42884,263906,-42848,263932,True
-42952,263926,-42942,263936,False
-30570,263938,-30562,263944,False
-41012,263900,-41000,263910,True
-31904,263878,-31890,263888,True
-31634,263872,-31608,263902,False
-31026,263796,-31016,263806,True
-30072,263778,-30048,263804,-1
-43054,263754,-43046,263762,False
-42718,263728,-42708,263738,True
-41266,263648,-41254,263660,-1
-31614,263818,-31602,263830,-1
-30352,263774,-30338,263786,True
-40734,263612,-40724,263620,False
-40614,263556,-40606,263564,True
-40558,263586,-40546,263596,True
-40564,263618,-40556,263626,True
-40648,263550,-40640,263558,True
-40324,263562,-40314,263570,False
-36410,263602,-36402,263610,False
-34478,263612,-34466,263624,True
-33548,263522,-33526,263546,True
-42708,263520,-42676,263548,True
-41482,263420,-41472,263430,False
-41456,263468,-41446,263480,False
-41438,263432,-41422,263444,False
-40610,263392,-40600,263400,True
-37158,263412,-37148,263420,False
-36978,263404,-36968,263416,False
-30650,263416,-30634,263432,False
-41698,263284,-41688,263294,False
-41478,263292,-41470,263300,False
-35560,263370,-35548,263382,False
-33460,263292,-33452,263298,True
-32978,263330,-32962,263346,True
-43524,263190,-43506,263208,True
-43156,263144,-43142,263160,True
-41822,263158,-41796,263182,False
-40696,263232,-40686,263240,True
-38026,263140,-38014,263152,False
-35310,263150,-35298,263162,True
-34130,263176,-34114,263194,True
-33566,263224,-33550,263240,False
-43362,263072,-43352,263082,True
-43302,263086,-43294,263094,True
-43292,263066,-43282,263076,False
-38580,263074,-38562,263086,True
-33262,263132,-33248,263150,True
-31084,263052,-31076,263062,False
-43544,263016,-43536,263024,True
-40986,262976,-40974,262986,False
-40804,262906,-40788,262920,True
-36652,263500,-36644,263510,True
-30862,262922,-30852,262930,False
-42724,262802,-42712,262814,False
-35326,262792,-35316,262800,True
-34298,262976,-34284,262990,True
-30906,262766,-30898,262774,True
-30610,262858,-30600,262870,False
-43742,262688,-43728,262702,False
-35936,262624,-35922,262640,False
-35352,262676,-35330,262696,True
-35010,262724,-34996,262740,True
-34654,262720,-34642,262734,True
-30334,262750,-30324,262760,True
-43648,262600,-43634,262610,False
-41616,262616,-41608,262624,True
-40716,262538,-40708,262546,True
-35346,262594,-35334,262604,False
-35286,262586,-35274,262596,False
-34386,262620,-34370,262642,True
-43890,262382,-43880,262394,True
-41730,262450,-41714,262464,True
-41620,262432,-41608,262444,True
-35226,262464,-35216,262474,-1
-35156,262474,-35134,262494,-1
-34564,262378,-34556,262384,False
-34010,262432,-33998,262442,-1
-31210,262426,-31196,262440,False
-42422,262272,-42412,262284,False
-41538,262338,-41526,262352,True
-41388,262252,-41376,262266,True
-35642,262336,-35630,262348,True
-34040,262332,-34020,262348,True
-31982,262276,-31968,262292,-1
-31220,262312,-31200,262336,True
-30802,262354,-30796,262360,False
-42080,262282,-42054,262312,False
-38706,262146,-38696,262154,True
-34392,262150,-34382,262160,False
-34068,262148,-34058,262158,False
-34178,262206,-34162,262218,True
-43900,262160,-43890,262170,False
-43894,262030,-43882,262040,True
-42194,262074,-42178,262088,True
-42170,262042,-42146,262064,-1
-43248,261932,-43232,261950,True
-40426,261928,-40398,261954,True
-37794,261920,-37784,261928,False
-31434,261912,-31424,261920,False
-42554,261808,-42540,261822,True
-42206,261810,-42192,261826,True
-42042,261806,-42016,261832,True
-41616,261780,-41596,261800,True
-38682,261782,-38670,261792,False
-38654,261764,-38640,261778,False
-37418,261964,-37398,261980,True
-35692,261784,-35678,261794,False
-34208,261816,-34200,261824,True
-43050,261866,-43038,261880,True
-42506,261642,-42498,261648,False
-41578,261612,-41566,261624,False
-41402,261644,-41382,261664,False
-38622,261718,-38608,261730,False
-30500,261688,-30490,261698,False
-42648,261520,-42622,261544,True
-42162,261586,-42146,261600,True
-40822,261578,-40810,261592,-1
-34816,261476,-34804,261490,False
-41016,261382,-41008,261388,False
-37738,261366,-37730,261376,True
-32520,261596,-32510,261606,-1
-41616,261310,-41604,261320,True
-40908,261230,-40898,261240,False
-35012,261254,-35004,261260,False
-32882,261342,-32864,261368,True
-32870,261252,-32848,261270,-1
-31750,261290,-31734,261312,False
-43972,261216,-43954,261234,False
-43052,261186,-43040,261198,False
-42792,261176,-42774,261194,True
-42348,261174,-42338,261182,False
-42290,261088,-42280,261098,False
-42052,261164,-42042,261176,True
-41766,261142,-41756,261152,False
-41738,261152,-41730,261160,False
-42490,260974,-42478,260986,True
-42106,261008,-42090,261024,-1
-42002,260994,-41992,261004,-1
-41464,260978,-41456,260986,True
-34270,260962,-34258,260976,True
-34144,260980,-34118,261010,False
-31738,261022,-31730,261030,False
-41626,260960,-41618,260968,True
-34888,260954,-34868,260974,True
-43082,260892,-43068,260906,True
-42706,260778,-42694,260790,True
-33348,260766,-33338,260776,False
-32964,260752,-32954,260762,True
-31202,260772,-31186,260788,True
-42794,260644,-42782,260656,True
-41616,260760,-41608,260768,True
-40592,260714,-40580,260724,-1
-37796,260620,-37776,260644,True
-36378,260688,-36370,260696,False
-43048,260488,-43040,260496,False
-42962,260564,-42954,260572,True
-42440,260484,-42430,260494,False
-40606,260550,-40584,260572,False
-36318,260482,-36304,260498,False
-30322,260488,-30312,260498,False
-42514,260358,-42504,260368,True
-41684,260430,-41674,260440,True
-37682,260320,-37668,260332,True
-33584,260414,-33578,260420,False
-37690,260266,-37678,260278,False
-37648,260264,-37634,260278,True
-37698,260286,-37684,260298,True
-32292,260222,-32282,260232,-1
-30488,260288,-30476,260300,True
-41970,260078,-41958,260090,False
-41548,260214,-41540,260222,True
-41356,260190,-41346,260202,False
-40596,260160,-40582,260172,False
-30804,260190,-30792,260202,True
-41600,260050,-41578,260074,False
-41564,260016,-41550,260028,True
-41086,260026,-41060,260050,False
-40416,259972,-40406,259986,False
-38552,260048,-38544,260056,False
-34200,260130,-34186,260144,True
-43418,259892,-43406,259904,-1
-43396,259874,-43386,259884,True
-38018,259892,-38006,259904,False
-42720,259958,-42706,259970,False
-40562,259722,-40550,259736,True
-42938,259602,-42930,259608,False
-42714,259656,-42706,259664,-1
-41228,259556,-41216,259568,True
-30044,259584,-30032,259596,True
-43128,259510,-43118,259518,-1
-41978,259494,-41966,259504,True
-41804,259526,-41792,259536,True
-41790,259452,-41778,259464,True
-41294,259468,-41286,259476,False
-43130,259356,-43116,259368,True
-41844,259424,-41822,259450,True
-41584,259334,-41576,259344,False
-40804,259390,-40796,259398,False
-40378,259348,-40370,259354,False
-34272,259382,-34260,259400,False
-30842,259348,-30832,259360,False
-42508,259290,-42500,259298,True
-41324,259270,-41312,259286,False
-40768,259270,-40756,259280,True
-43556,259094,-43538,259110,-1
-35834,259178,-35820,259190,False
-41546,258952,-41532,258964,True
-41068,258982,-41060,258990,False
-41046,258954,-41036,258966,True
-40672,258936,-40658,258948,False
-37098,259024,-37084,259040,False
-36710,258922,-36698,258936,-1
-31272,258988,-31264,258996,False
-31146,259012,-31134,259024,False
-42958,258786,-42944,258800,True
-41584,258900,-41574,258912,False
-40806,258908,-40782,258934,False
-36040,258810,-36018,258828,True
-43766,258712,-43756,258720,False
-41672,258680,-41662,258688,True
-41336,258796,-41326,258808,False
-36722,258716,-36710,258726,True
-36072,258720,-36054,258742,False
-35986,258748,-35974,258760,True
-36000,258706,-35986,258720,True
-36004,258684,-35990,258698,-1
-33008,258660,-32996,258674,-1
-43820,258594,-43812,258602,True
-43252,258648,-43244,258654,False
-42942,258636,-42930,258648,False
-42212,258564,-42204,258572,True
-40786,258642,-40760,258668,True
-37938,258534,-37920,258548,True
-36352,258582,-36340,258592,True
-35720,258576,-35706,258586,False
-40256,258402,-40248,258410,True
-40202,258422,-40188,258432,True
-33350,258488,-33336,258500,False
-30442,258522,-30430,258532,True
-40912,258386,-40904,258394,True
-37716,258248,-37708,258256,False
-30030,258452,-30010,258470,-1
-43884,258144,-43870,258162,False
-42036,258050,-42008,258078,True
-40778,258044,-40768,258056,False
-43630,257906,-43616,257924,True
-43758,257980,-43746,257992,True
-41294,257888,-41282,257898,True
-41058,257894,-41048,257904,False
-40770,257930,-40758,257940,False
-40320,257958,-40300,257986,True
-40180,257888,-40164,257902,True
-39020,257988,-39004,258006,-1
-41980,257776,-41968,257788,-1
-41976,257840,-41958,257860,True
-41034,257868,-41026,257874,False
-41058,257850,-41048,257860,False
-40398,257866,-40382,257880,True
-39946,257832,-39936,257840,True
-36444,257786,-36434,257796,False
-43772,257684,-43762,257694,False
-43544,257724,-43536,257730,False
-42064,257778,-42052,257788,False
-40796,257710,-40784,257722,True
-40092,257692,-40084,257698,True
-38108,257702,-38096,257712,True
-34986,257796,-34974,257808,False
-40778,257544,-40770,257552,False
-40572,257524,-40546,257542,False
-34920,257592,-34912,257600,False
-43818,257476,-43812,257482,False
-43598,257386,-43576,257406,True
-43384,257526,-43374,257534,True
-41420,257382,-41410,257392,True
-34816,257460,-34808,257466,False
-34046,257446,-34026,257466,False
-43610,257414,-43604,257420,False
-42118,257324,-42108,257334,False
-39732,257322,-39722,257332,True
-37764,257272,-37752,257286,True
-33366,257340,-33354,257352,True
-43564,257180,-43546,257198,False
-40888,257200,-40882,257208,False
-38514,257240,-38506,257248,True
-34700,257128,-34692,257136,False
-34042,257182,-34034,257190,-1
-33562,257230,-33554,257238,True
-38772,257078,-38762,257088,False
-38594,257000,-38586,257008,False
-35428,257024,-35410,257044,True
-33822,257302,-33812,257312,True
-43392,256910,-43376,256924,True
-43100,256958,-43092,256966,False
-41748,256940,-41736,256952,True
-36428,256992,-36416,257006,False
-34930,256994,-34920,257004,True
-34650,256952,-34640,256964,False
-37566,256790,-37554,256800,False
-34484,256814,-34464,256830,True
-33802,256758,-33782,256778,False
-43070,256670,-43050,256692,False
-40692,256660,-40678,256674,True
-37540,256674,-37528,256684,True
-30324,256708,-30312,256720,False
-43146,256584,-43138,256590,False
-42114,256578,-42102,256588,True
-40824,256528,-40814,256538,True
-40900,256518,-40890,256528,True
-40898,256554,-40884,256566,True
-35204,256586,-35194,256596,True
-42092,256380,-42084,256386,False
-41934,256438,-41918,256454,True
-41630,256354,-41616,256370,True
-40862,256398,-40850,256408,True
-39378,256448,-39368,256456,False
-36532,256352,-36514,256366,False
-33788,256406,-33776,256422,False
-43866,256310,-43852,256324,False
-41556,256230,-41526,256264,-1
-36026,256230,-36004,256254,False
-35620,256290,-35610,256298,False
-35356,256312,-35344,256322,False
-34492,256286,-34476,256300,True
-33588,256300,-33576,256312,False
-41982,256210,-41964,256224,True
-41702,256144,-41680,256164,True
-37692,256230,-37682,256240,False
-36484,256154,-36476,256164,True
-36246,256182,-36236,256192,True
-33756,256220,-33744,256232,True
-33620,256170,-33612,256176,False
-41968,256036,-41952,256056,True
-41112,256122,-41098,256132,-1
-34742,256036,-34730,256048,True
-34490,256010,-34484,256016,False
-34262,255970,-34240,255990,True
-33898,256108,-33888,256120,False
-42996,255938,-42984,255950,True
-42394,255906,-42384,255914,True
-41280,255904,-41272,255912,True
-40258,255914,-40248,255928,False
-36964,255866,-36954,255876,True
-35428,255922,-35404,255946,True
-33696,255948,-33670,255968,False
-42000,255830,-41986,255840,True
-41980,255818,-41968,255830,False
-40716,255716,-40706,255724,False
-36200,255834,-36182,255854,True
-32546,255784,-32536,255796,True
-31358,255790,-31348,255800,True
-39392,255662,-39380,255672,-1
-38364,255588,-38354,255598,False
-37110,255704,-37098,255714,True
-33894,255590,-33880,255604,True
-33376,255628,-33366,255642,-1
-31574,255684,-31552,255706,True
-30728,255646,-30700,255668,True
-43378,255466,-43344,255494,-1
-38334,255580,-38322,255592,False
-36390,255604,-36378,255614,False
-34992,255582,-34982,255590,True
-32078,255508,-32066,255524,True
-30488,255506,-30478,255518,False
-43874,255404,-43862,255414,True
-41568,255434,-41544,255454,True
-41518,255442,-41508,255452,True
-40080,255394,-40066,255410,False
-33826,255404,-33818,255412,False
-33876,255384,-33866,255392,False
-32922,255434,-32914,255440,False
-31682,255426,-31674,255434,False
-43770,255306,-43758,255316,False
-40178,255280,-40166,255290,False
-36484,255280,-36472,255292,False
-35898,255206,-35878,255224,False
-35462,255310,-35450,255322,False
-30506,255306,-30496,255318,True
-43150,255204,-43140,255214,-1
-43100,255198,-43090,255208,False
-42392,255112,-42382,255124,False
-41746,255172,-41738,255182,False
-35078,255114,-35064,255128,True
-35140,255170,-35120,255190,False
-30910,255072,-30894,255084,True
-30328,255702,-30318,255710,False
-30114,255160,-30102,255172,True
-30020,255186,-30002,255202,True
-43664,255012,-43656,255020,True
-35826,254990,-35816,254998,False
-34422,255002,-34410,255014,True
-42424,254834,-42392,254864,True
-42328,254936,-42300,254958,False
-41346,254846,-41338,254854,True
-36160,254908,-36148,254920,False
-34930,254894,-34918,254906,True
-34562,254884,-34550,254896,False
-43486,254792,-43474,254804,False
-40046,254772,-40034,254786,True
-34942,254774,-34930,254788,True
-34676,254748,-34664,254760,True
-34442,254718,-34432,254726,True
-33378,254738,-33368,254748,-1
-43704,254664,-43694,254672,True
-38336,254648,-38314,254668,True
-34168,254568,-34154,254582,False
-32522,254570,-32510,254584,False
-31500,254664,-31486,254676,False
-31428,254618,-31418,254632,False
-38494,254462,-38486,254472,True
-38358,254548,-38336,254566,True
-35856,254566,-35840,254586,False
-30164,254474,-30148,254492,False
-30078,254470,-30068,254482,-1
-40018,254332,-40004,254344,False
-39022,254316,-39008,254328,True
-36960,254354,-36946,254368,False
-36406,254392,-36390,254410,False
-38630,254648,-38614,254664,False
-35308,254262,-35294,254276,True
-31810,254302,-31798,254314,-1
-30878,254366,-30866,254376,True
-43778,254158,-43764,254170,True
-41414,254144,-41392,254166,True
-38780,254070,-38772,254080,False
-38610,254370,-38602,254376,True
-38080,254172,-38070,254184,-1
-37454,254124,-37440,254140,False
-34164,254050,-34144,254072,True
-31342,254050,-31328,254066,True
-42036,253988,-42026,253998,True
-38698,253924,-38688,253936,True
-38546,253994,-38538,254002,-1
-38798,254028,-38786,254042,False
-37970,253960,-37960,253970,False
-36758,254042,-36744,254056,False
-32152,254040,-32136,254058,-1
-31660,254050,-31650,254060,False
-43538,253914,-43516,253944,False
-38878,253866,-38864,253882,False
-38770,253888,-38758,253898,True
-38748,253908,-38738,253916,False
-37972,253886,-37956,253902,False
-34688,253896,-34676,253906,True
-31184,253826,-31176,253834,False
-43444,253778,-43436,253788,True
-38504,253810,-38494,253820,True
-30732,253716,-30722,253728,False
-30370,253714,-30356,253726,False
-30074,253772,-30062,253784,False
-37638,253562,-37626,253572,False
-36952,253682,-36942,253692,False
-30324,253638,-30308,253652,True
-38908,253496,-38896,253510,False
-37698,253498,-37690,253506,True
-36680,253442,-36670,253452,True
-31108,253516,-31098,253526,True
-42936,253388,-42930,253394,False
-39118,253418,-39106,253432,True
-39148,253400,-39132,253414,True
-37278,253322,-37264,253336,True
-33648,253330,-33638,253340,False
-30700,253172,-30688,253186,True
-35926,253058,-35914,253070,True
-36666,253040,-36654,253050,True
-35554,253056,-35540,253068,True
-36916,252904,-36906,252910,False
-31116,252790,-31108,252798,False
-31046,252768,-31036,252778,True
-41970,252706,-41962,252712,False
-39770,252726,-39760,252736,True
-38778,252762,-38762,252780,True
-37698,252762,-37690,252770,False
-31026,252670,-31014,252682,True
-41820,252558,-41796,252588,True
-39946,252616,-39930,252630,True
-39788,252628,-39776,252640,True
-39882,252590,-39872,252600,True
-39846,252596,-39828,252614,False
-39492,252636,-39478,252650,False
-38552,252666,-38538,252680,-1
-33060,252542,-33050,252552,False
-39354,252384,-39328,252400,True
-41890,252272,-41876,252286,False
-40002,252300,-39988,252316,-1
-38972,252258,-38964,252266,False
-34926,252372,-34914,252384,False
-31344,252280,-31332,252290,False
-39636,252248,-39620,252264,True
-37880,252184,-37872,252192,True
-43176,252076,-43164,252088,True
-43114,252044,-43102,252054,False
-39992,252056,-39984,252064,True
-38022,252148,-38010,252160,False
-34856,252102,-34846,252112,True
-43154,251992,-43122,252018,-1
-39546,251924,-39536,251934,False
-35310,251872,-35298,251888,False
-34840,252000,-34832,252006,True
-33350,251932,-33338,251942,True
-32054,251764,-32040,251778,True
-30738,251828,-30722,251842,True
-41744,251734,-41730,251744,False
-38948,251720,-38938,251728,True
-43482,251522,-43470,251534,True
-32330,251602,-32320,251612,False
-37986,251446,-37952,251476,True
-34358,251480,-34346,251488,False
-33616,251460,-33606,251472,True
-31828,251378,-31816,251390,-1
-43336,251092,-43320,251106,True
-41344,251594,-41338,251600,False
-31352,251058,-31344,251064,False
-30760,251088,-30752,251096,True
-30240,251084,-30230,251094,True
-42500,250874,-42488,250884,True
-42534,250906,-42522,250920,True
-41934,250864,-41916,250882,True
-38736,250860,-38722,250874,True
-37860,250968,-37842,250984,True
-32510,250962,-32496,250976,True
-30504,250852,-30494,250860,True
-39956,250864,-39946,250872,True
-30096,250638,-30080,250652,True
-43394,250502,-43386,250510,False
-34856,250590,-34846,250598,False
-34696,250540,-34684,250554,True
-34526,250600,-34510,250614,True
-32080,250482,-32066,250498,True
-30086,250528,-30062,250550,True
-38890,250490,-38880,250500,False
-30272,250400,-30262,250410,True
-41188,250250,-41178,250258,True
-43756,250162,-43744,250176,False
-38522,250110,-38514,250116,False
-41392,250048,-41368,250072,True
-41300,250070,-41294,250074,False
-36162,250098,-36150,250110,False
-33192,250068,-33184,250074,False
-43364,249828,-43352,249840,False
-43282,249856,-43270,249868,True
-33258,249900,-33250,249908,True
-30360,249846,-30350,249856,True
-43302,249762,-43288,249776,True
-40954,249682,-40942,249694,True
-36280,249592,-36254,249616,False
-31580,249638,-31570,249650,True
-43390,249462,-43376,249474,True
-43352,249558,-43342,249568,False
-30338,249442,-30324,249452,False
-35584,249404,-35574,249416,True
-35604,249382,-35582,249400,True
-41292,249250,-41280,249266,False
-34254,249236,-34248,249242,False
-30216,249278,-30206,249288,True
-36418,249144,-36410,249152,True
-35490,249114,-35480,249122,True
-35276,249144,-35256,249162,True
-31086,249202,-31076,249210,False
-30042,249056,-30014,249078,True
-30786,248954,-30774,248964,False
-41652,248800,-41642,248812,False
-40966,248800,-40944,248818,True
-35776,248870,-35768,248880,True
-34876,248934,-34864,248944,True
-30242,248898,-30232,248906,False
-30158,248858,-30150,248866,False
-42860,248546,-42850,248560,False
-36484,248660,-36472,248672,False
-34786,248598,-34778,248606,False
-32866,248472,-32856,248480,False
-31300,248540,-31292,248550,False
-30946,248440,-30936,248452,True
-43130,248384,-43118,248396,True
-36358,248316,-36346,248326,True
-35082,248442,-35060,248460,True
-42860,248266,-42834,248292,True
-43370,248110,-43362,248116,False
-43090,248086,-43082,248094,True
-41644,248116,-41636,248124,False
-36602,248188,-36596,248194,False
-35420,248156,-35412,248162,False
-43778,248012,-43764,248024,True
-42190,247978,-42178,247988,False
-35714,247944,-35700,247960,True
-36534,247788,-36518,247802,False
-32992,247856,-32976,247874,False
-43168,247692,-43144,247712,False
-33604,247686,-33584,247704,False
-42170,247610,-42164,247618,False
-40152,247582,-40142,247592,True
-39258,247584,-39248,247596,False
-35430,247626,-35420,247634,False
-35796,247654,-35786,247664,False
-35584,247430,-35572,247440,False
-30540,247418,-30526,247432,True
-30944,247670,-30936,247680,False
-40448,247304,-40440,247312,True
-37136,247296,-37124,247310,True
-30626,247330,-30616,247342,False
-30188,247328,-30178,247342,False
-40718,247220,-40706,247230,True
-40738,247206,-40728,247214,False
-37788,247202,-37774,247214,True
-37258,247272,-37248,247282,False
-34122,247168,-34112,247176,False
-32352,247238,-32330,247258,False
-30178,247172,-30168,247184,False
-43426,247144,-43416,247156,False
-40410,247056,-40398,247066,False
-31118,247030,-31104,247044,True
-30304,247102,-30296,247112,False
-32184,246978,-32176,246986,True
-43568,246818,-43560,246826,False
-42512,246850,-42502,246858,True
-38170,246752,-38154,246766,True
-35522,246852,-35512,246864,False
-34762,246818,-34754,246826,True
-31736,246754,-31726,246762,False
-30406,246828,-30392,246842,False
-39936,246646,-39926,246656,True
-33696,246672,-33688,246680,True
-33674,246718,-33664,246726,False
-42470,246568,-42460,246576,False
-42162,246586,-42150,246600,False
-34778,247124,-34766,247136,False
-33772,246562,-33762,246572,True
-30602,246570,-30594,246578,False
-42434,246394,-42426,246402,False
-30282,246484,-30270,246492,True
-30312,246448,-30302,246456,False
-42538,246270,-42530,246278,True
-42422,246254,-42408,246264,True
-42430,246300,-42420,246312,True
-38014,246240,-38000,246250,-1
-42316,246198,-42308,246206,True
-41934,246220,-41906,246250,False
-42054,246106,-42040,246120,False
-36950,246060,-36938,246070,True
-36630,246074,-36616,246086,True
-32346,246040,-32338,246048,-1
-30956,245996,-30946,246008,-1
-42464,245920,-42456,245928,False
-39244,245982,-39228,245996,False
-31244,245916,-31220,245942,False
-30094,246002,-30082,246014,False
-37066,245746,-37058,245754,True
-33726,245838,-33716,245850,True
-30802,245788,-30790,245802,False
-40584,245640,-40570,245648,False
-39380,245644,-39372,245650,False
-37232,245662,-37222,245672,-1
-37170,245660,-37160,245672,False
-37216,245698,-37200,245718,False
-41978,245542,-41970,245550,True
-36676,245548,-36664,245560,False
-36706,245574,-36694,245586,False
-34926,245492,-34914,245504,True
-31864,245572,-31850,245584,False
-40176,245392,-40162,245406,True
-35476,245462,-35464,245474,True
-34270,245406,-34258,245414,False
-33784,245462,-33776,245468,False
-31858,245470,-31848,245478,True
-31396,245370,-31386,245380,False
-30506,245428,-30500,245434,False
-39384,245324,-39376,245332,False
-34946,245226,-34934,245234,False
-31802,245268,-31778,245288,True
-39204,245124,-39196,245132,False
-39090,245108,-39082,245114,True
-39098,245138,-39090,245144,False
-39140,245178,-39130,245186,False
-37290,245162,-37282,245170,False
-37328,245222,-37306,245242,False
-36944,245210,-36936,245218,True
-36920,245166,-36912,245174,True
-30868,245180,-30860,245186,True
-39174,245038,-39162,245050,False
-39220,245026,-39210,245032,True
-39034,245088,-39026,245096,False
-39112,245076,-39102,245086,True
-39058,245056,-39048,245064,False
-38930,244994,-38922,245000,False
-37710,245054,-37694,245070,False
-36522,245120,-36514,245128,True
-31548,245000,-31540,245008,True
-30324,245044,-30308,245058,True
-43920,244832,-43910,244842,True
-38952,244926,-38942,244936,False
-35562,244882,-35546,244898,False
-34640,244834,-34630,244842,False
-33754,244948,-33744,244958,True
-32984,244874,-32974,244884,True
-31538,244928,-31530,244936,True
-38406,244758,-38394,244772,False
-37474,244770,-37458,244788,False
-36248,244874,-36236,244886,True
-41116,244666,-41106,244674,True
-36164,244694,-36156,244702,False
-30678,244620,-30666,244632,True
-35930,244576,-35920,244584,False
-33500,244572,-33488,244582,False
-30972,244548,-30964,244554,False
-30814,244534,-30802,244544,False
-43924,244324,-43912,244340,False
-43810,244388,-43800,244400,False
-37292,244614,-37274,244632,False
-35960,244450,-35952,244460,False
-32006,244322,-31998,244332,-1
-31148,244234,-31138,244242,True
-31016,244324,-31006,244336,True
-31340,244186,-31330,244196,True
-31398,244154,-31384,244166,True
-43946,243936,-43924,243954,True
-37080,243966,-37072,243976,False
-33920,244030,-33908,244042,-1
-32850,243986,-32834,244000,-1
-32094,243958,-32074,243978,False
-31494,243994,-31482,244004,-1
-38508,243846,-38498,243856,False
-38306,243908,-38296,243920,True
-34376,243870,-34368,243880,-1
-32418,243884,-32412,243888,False
-31452,243842,-31440,243852,True
-31402,243850,-31390,243862,False
-32362,243802,-32352,243810,False
-32128,243688,-32114,243702,True
-37228,244172,-37216,244184,True
-33968,243616,-33956,243628,False
-32072,243614,-32058,243624,True
-31970,243552,-31958,243564,True
-38436,243514,-38426,243522,False
-35182,243494,-35172,243504,False
-32416,243534,-32406,243544,True
-32178,243436,-32168,243446,True
-35912,243336,-35904,243344,True
-33210,243920,-33200,243930,False
-32644,243422,-32634,243432,False
-32456,243204,-32438,243222,False
-32210,243240,-32200,243248,False
-31964,243172,-31956,243178,False
-32424,243160,-32410,243174,False
-32340,243056,-32332,243064,False
-39866,243018,-39854,243032,False
-33284,243030,-33274,243040,False
-42238,242916,-42226,242928,False
-36632,242958,-36624,242968,True
-31714,242880,-31700,242896,-1
-30474,242864,-30464,242876,True
-42742,242796,-42728,242810,False
-39898,242656,-39884,242666,-1
-31528,242730,-31518,242740,False
-37726,242618,-37714,242628,False
-31924,242556,-31916,242562,-1
-30878,242670,-30870,242680,False
-42490,242454,-42480,242462,True
-33514,242470,-33502,242484,True
-30448,243028,-30434,243040,True
-42066,242336,-42052,242350,True
-32542,242298,-32530,242308,False
-31792,242432,-31784,242440,False
-31414,242352,-31400,242366,False
-34792,242172,-34780,242186,False
-32752,242254,-32742,242264,False
-32488,242390,-32478,242400,False
-32300,242234,-32292,242242,False
-32104,242184,-32096,242194,False
-41834,242122,-41820,242134,False
-34326,242022,-34314,242034,-1
-32240,242102,-32232,242110,True
-32210,242096,-32200,242106,True
-31812,242130,-31802,242140,False
-43992,241990,-43978,242002,-1
-40628,241908,-40614,241920,False
-33194,241938,-33182,241948,-1
-32688,241904,-32670,241924,False
-32194,241992,-32182,242002,-1
-31936,241912,-31928,241920,-1
-30230,241938,-30216,241952,True
-32684,241778,-32660,241802,True
-32716,241738,-32698,241754,True
-34052,241564,-34042,241576,False
-30176,241542,-30156,241562,True
-32846,241518,-32836,241526,False
-43486,241248,-43470,241262,False
-33112,241276,-33104,241284,False
-33130,241314,-33118,241326,True
-33106,241392,-33092,241406,-1
-35664,241152,-35650,241166,False
-34048,241162,-34038,241172,True
-33794,241132,-33786,241138,False
-33452,241158,-33442,241168,False
-33284,241162,-33270,241176,False
-32562,241728,-32548,241744,False
-31152,241068,-31130,241088,-1
-41274,240986,-41266,240996,True
-33054,240894,-33040,240912,True
-31584,240868,-31574,240878,False
-40736,240846,-40722,240860,False
-40288,240754,-40278,240764,True
-33540,240908,-33530,240916,False
-33060,240864,-33048,240874,True
-32854,240802,-32844,240816,True
-30214,240740,-30202,240752,True
-42694,240628,-42674,240644,True
-40590,240708,-40576,240720,False
-30968,240728,-30956,240740,True
-30444,240700,-30434,240712,False
-30210,240620,-30200,240630,True
-30052,240730,-30030,240752,True
-42666,240528,-42658,240538,True
-41688,240518,-41676,240532,True
-33360,240492,-33352,240498,False
-31578,240524,-31566,240536,True
-40026,240392,-40018,240400,False
-33402,240472,-33384,240488,True
-33192,240378,-33180,240394,True
-32840,240472,-32828,240484,True
-40756,240330,-40746,240340,False
-33810,240322,-33802,240330,-1
-40340,240156,-40328,240168,False
-35822,240210,-35810,240222,True
-30106,240180,-30100,240184,False
-40738,240008,-40722,240024,False
-33506,240032,-33488,240050,True
-31302,240056,-31286,240072,True
-33292,239908,-33280,239918,False
-30050,239954,-30036,239968,False
-34064,239804,-34048,239814,False
-39034,239690,-39026,239698,-1
-38874,239636,-38864,239648,True
-33664,239630,-33650,239642,True
-33554,239720,-33538,239736,True
-30392,239492,-30382,239504,True
-35808,239424,-35798,239432,True
-33706,239336,-33696,239348,False
-33536,239424,-33528,239432,True
-33674,239308,-33664,239320,-1
-34162,239134,-34152,239144,False
-36524,239018,-36514,239026,False
-35272,239054,-35262,239062,False
-35102,239064,-35090,239078,True
-33920,239022,-33908,239036,True
-36712,238874,-36684,238902,False
-33906,238902,-33896,238912,False
-31984,238928,-31968,238948,-1
-40460,238798,-40438,238814,False
-34490,238704,-34480,238714,True
-34534,238740,-34522,238752,False
-31902,238730,-31890,238740,False
-38434,238622,-38418,238636,True
-32894,238628,-32884,238636,False
-35420,238554,-35408,238564,False
-37088,238376,-37078,238388,False
-32300,238370,-32290,238380,False
-32798,238212,-32786,238224,False
-32570,238262,-32558,238274,True
-41964,238088,-41954,238098,False
-41312,238148,-41300,238162,False
-37978,238072,-37968,238080,False
-40738,237972,-40728,237982,False
-32880,237834,-32864,237858,False
-40476,238158,-40458,238176,True
-39802,237574,-39792,237584,True
-39218,237634,-39202,237648,False
-37936,237622,-37928,237632,False
-30446,237320,-30434,237334,True
-38136,237224,-38126,237236,-1
-31778,237152,-31768,237162,False
-42768,237054,-42760,237064,True
-42426,237036,-42396,237070,True
-42332,237126,-42322,237140,True
-35058,237126,-35046,237136,False
-43374,236992,-43342,237022,True
-42316,237004,-42304,237016,True
-31280,236974,-31266,236992,False
-41098,236692,-41080,236706,False
-33558,236710,-33546,236720,True
-40564,237136,-40546,237150,False
-42712,236472,-42704,236480,True
-40426,236442,-40410,236460,False
-41982,236874,-41960,236894,False
-41966,236308,-41952,236324,False
-41894,236268,-41870,236296,True
-37280,236374,-37264,236392,False
-36408,236370,-36396,236382,False
-36284,236364,-36276,236372,True
-36050,236274,-36024,236298,False
-38116,236148,-38102,236162,False
-42392,235898,-42354,235932,False
-42294,235952,-42280,235966,True
-38434,235986,-38428,235992,False
-38098,235800,-38090,235808,True
-36622,235804,-36612,235814,True
-33052,235756,-33040,235768,True
-32768,235808,-32736,235838,False
-30342,235768,-30334,235776,True
-41136,235658,-41126,235666,True
-35846,235642,-35836,235652,True
-35470,235670,-35458,235682,True
-35366,235630,-35356,235640,False
-42676,235568,-42666,235580,False
-34312,235516,-34302,235526,True
-34240,235608,-34228,235618,True
-32926,235546,-32910,235564,False
-36036,235462,-36016,235480,True
-37360,235242,-37348,235252,True
-34610,235274,-34586,235296,False
-30506,235348,-30498,235354,False
-30204,235298,-30192,235312,False
-37792,235200,-37784,235208,True
-43896,234980,-43884,234990,True
-42870,235048,-42864,235054,False
-38256,235026,-38242,235042,False
-38230,234980,-38222,234986,False
-37456,235104,-37444,235114,True
-34874,235012,-34862,235024,True
-32262,235014,-32238,235034,False
-40198,234924,-40184,234938,True
-38426,234950,-38418,234958,False
-38466,234968,-38456,234976,-1
-32610,234958,-32602,234966,False
-31858,234936,-31848,234944,True
-30702,234900,-30694,234908,True
-30152,234960,-30144,234968,True
-37054,234738,-37034,234758,False
-31484,234804,-31468,234818,True
-41080,234620,-41068,234634,True
-39520,235206,-39494,235230,False
-36706,234640,-36696,234650,False
-31516,234596,-31494,234618,True
-30722,234712,-30704,234732,False
-30080,234668,-30062,234686,False
-37676,234564,-37660,234582,True
-31086,234580,-31062,234604,True
-38354,234346,-38338,234360,True
-38242,234418,-38228,234432,True
-37976,234482,-37968,234488,False
-35502,234456,-35490,234468,True
-33744,234380,-33730,234394,False
-37140,234314,-37122,234332,-1
-36828,234308,-36816,234320,-1
-30250,234828,-30238,234840,True
-30078,234282,-30066,234292,True
-42314,234080,-42296,234098,-1
-41884,234092,-41874,234102,True
-41348,234120,-41336,234134,True
-40842,234080,-40810,234110,-1
-37712,234176,-37702,234184,False
-36278,234104,-36266,234114,True
-30562,234096,-30550,234104,False
-42980,234056,-42948,234082,True
-40550,234048,-40538,234060,True
-40092,234084,-40082,234092,True
-38618,233960,-38606,233970,True
-34804,234022,-34794,234032,True
-43248,233966,-43238,233976,False
-40400,233890,-40392,233896,False
-40292,233946,-40272,233968,False
-39728,233880,-39718,233890,True
-36516,233828,-36504,233842,False
-33248,233862,-33234,233876,False
-31958,233868,-31926,233900,False
-38388,233760,-38370,233776,False
-38436,233804,-38424,233816,-1
-38122,233824,-38114,233830,True
-37462,233812,-37446,233826,True
-34958,233764,-34944,233774,False
-43060,233604,-43050,233610,True
-37722,233618,-37716,233624,False
-37102,233668,-37078,233696,False
-35322,233620,-35298,233644,False
-30372,233656,-30360,233666,True
-43792,233474,-43784,233484,True
-41146,233452,-41134,233464,True
-40380,233518,-40356,233544,False
-40420,233468,-40412,233474,False
-39116,233484,-39106,233498,False
-38502,233472,-38490,233480,False
-37856,233566,-37848,233576,True
-30472,233540,-30440,233564,True
-43566,233934,-43554,233946,False
-42818,233386,-42802,233406,True
-42674,233360,-42664,233370,True
-41152,233390,-41140,233400,False
-40954,233362,-40942,233370,True
-39138,233392,-39126,233402,False
-37522,233326,-37512,233336,True
-35550,233396,-35540,233406,True
-43924,233196,-43894,233224,True
-42978,233234,-42966,233244,False
-41476,233202,-41466,233212,False
-40934,233218,-40914,233238,True
-35256,233252,-35248,233262,False
-42864,233114,-42850,233128,True
-41996,233100,-41984,233112,True
-40282,233076,-40262,233092,False
-39740,233056,-39728,233066,-1
-38532,233200,-38500,233230,False
-38026,233128,-38014,233140,True
-36232,233170,-36222,233180,False
-40312,233068,-40302,233076,True
-37032,232932,-37004,232962,True
-30764,232958,-30756,232964,True
-43886,232962,-43864,232982,False
-40350,232920,-40336,232936,False
-33984,232852,-33972,232864,True
-41504,232680,-41492,232692,True
-41466,232758,-41458,232766,True
-37488,232712,-37472,232732,-1
-36362,232718,-36350,232728,False
-35662,232672,-35622,232702,False
-32800,232694,-32788,232704,False
-43772,232564,-43760,232576,True
-43178,232656,-43166,232666,False
-42338,232634,-42328,232642,False
-42028,232660,-42016,232672,True
-41086,232570,-41080,232576,False
-37982,232568,-37968,232582,False
-34778,232656,-34766,232666,True
-32684,232548,-32674,232556,True
-43602,232444,-43596,232450,False
-42928,232520,-42920,232528,True
-41966,232462,-41956,232472,-1
-41462,232540,-41454,232546,False
-40968,232442,-40956,232452,True
-40888,232496,-40866,232516,True
-37610,232456,-37598,232468,False
-36444,232562,-36434,232572,True
-33080,232464,-33056,232490,False
-32782,232416,-32766,232430,True
-32760,232494,-32748,232506,False
-41508,232348,-41492,232364,True
-40410,232416,-40402,232424,True
-38142,232288,-38128,232300,False
-34118,232388,-34106,232400,False
-32896,232390,-32882,232404,True
-31132,232382,-31112,232402,False
-42120,232286,-42110,232296,-1
-40060,232300,-40048,232314,True
-37954,232222,-37944,232230,True
-41966,232092,-41954,232106,False
-40298,232148,-40286,232160,True
-37900,232052,-37874,232076,True
-37386,232130,-37372,232144,True
-36626,232168,-36616,232178,False
-32894,232142,-32882,232156,False
-32828,232104,-32820,232110,False
-43562,232012,-43554,232022,True
-41840,231914,-41824,231936,True
-41510,231946,-41496,231960,False
-41354,232020,-41342,232030,True
-39204,231918,-39190,231928,False
-38758,231948,-38744,231962,True
-37688,232000,-37672,232016,False
-37378,231980,-37368,231990,False
-32668,231946,-32654,231962,False
-32254,231904,-32240,231916,False
-43802,231812,-43792,231820,True
-41954,231798,-41946,231806,True
-41642,231856,-41632,231864,False
-39480,231842,-39464,231858,True
-37650,231892,-37634,231908,False
-36350,231818,-36336,231832,False
-42238,231654,-42226,231664,-1
-39934,231652,-39920,231664,True
-39942,231762,-39930,231774,False
-39626,231684,-39614,231696,True
-39488,231762,-39474,231776,True
-37792,231708,-37780,231720,True
-37634,231764,-37624,231774,True
-36850,231748,-36832,231766,True
-36050,231680,-36036,231694,False
-35356,231666,-35340,231680,True
-33418,231764,-33404,231774,True
-33328,231674,-33312,231688,True
-33044,231702,-33026,231720,True
-30398,231772,-30386,231782,False
-39674,231564,-39650,231584,True
-39664,231600,-39648,231626,True
-35868,231590,-35856,231604,True
-35842,231646,-35832,231656,False
-35586,231568,-35574,231580,-1
-33358,231522,-33340,231538,False
-32328,231598,-32306,231616,True
-43142,231418,-43112,231446,False
-38530,231418,-38524,231424,False
-37068,231448,-37058,231456,True
-35518,231394,-35508,231404,True
-33472,231516,-33460,231528,False
-33292,231460,-33280,231470,True
-33128,232010,-33116,232022,False
-32332,231514,-32312,231532,True
-42640,231382,-42630,231392,False
-41980,231284,-41968,231296,False
-39886,231398,-39878,231406,False
-37104,231272,-37064,231304,False
-35394,231312,-35382,231322,-1
-38262,231148,-38250,231158,True
-37316,231240,-37296,231262,-1
-36908,231228,-36892,231246,True
-36830,231256,-36808,231280,True
-31430,231172,-31414,231188,-1
-43676,231090,-43664,231102,True
-42814,231068,-42806,231076,False
-42606,231042,-42594,231052,True
-40258,231050,-40252,231056,False
-39984,231032,-39972,231042,False
-39392,231018,-39382,231030,True
-42966,230948,-42952,230960,False
-37884,230936,-37872,230950,False
-36774,230902,-36766,230912,True
-35550,230898,-35526,230922,True
-33572,231286,-33560,231300,-1
-41944,231026,-41936,231034,False
-39922,230792,-39908,230806,False
-39404,230830,-39394,230840,False
-32276,230838,-32266,230846,False
-31940,230878,-31926,230892,False
-30068,230806,-30050,230822,True
-43166,230750,-43156,230758,True
-43130,230770,-43124,230776,False
-40760,230796,-40746,230810,False
-40082,230660,-40070,230670,False
-38636,230690,-38624,230706,True
-37454,230662,-37420,230692,True
-36806,230628,-36798,230636,True
-36784,230702,-36772,230714,True
-43702,230530,-43680,230552,False
-41726,230506,-41714,230520,False
-41042,230678,-41032,230686,True
-40256,230614,-40240,230628,True
-39862,230496,-39842,230510,True
-39150,230496,-39138,230510,False
-39240,230506,-39226,230518,False
-31742,230582,-31728,230596,True
-31318,230522,-31302,230538,True
-35994,230468,-35982,230480,False
-31488,230436,-31478,230446,False
-31338,230458,-31322,230476,True
-42158,230316,-42144,230330,-1
-41836,230204,-41824,230220,False
-42080,230220,-42070,230234,False
-31826,230250,-31818,230256,False
-43666,229994,-43658,230002,-1
-43010,230084,-42998,230094,False
-42406,230010,-42394,230020,False
-40204,230050,-40186,230064,True
-37342,230100,-37320,230116,False
-32960,230088,-32952,230096,True
-42380,229890,-42368,229902,False
-34652,229874,-34644,229880,False
-33006,229952,-32992,229968,False
-32510,229888,-32496,229902,True
-43074,229778,-43058,229792,-1
-42352,229810,-42336,229824,False
-41334,229762,-41322,229772,True
-41186,229800,-41172,229814,True
-40716,229796,-40698,229816,True
-40160,229854,-40152,229860,False
-34686,229788,-34676,229798,True
-34910,230006,-34900,230016,True
-34176,229818,-34164,229832,True
-42364,229664,-42348,229678,True
-41380,229612,-41372,229620,True
-41182,229648,-41172,229656,True
-40996,229674,-40982,229692,False
-38318,229654,-38306,229664,False
-37276,229646,-37258,229664,True
-43710,229596,-43696,229606,-1
-38090,229612,-38078,229624,-1
-35018,229750,-35008,229762,-1
-42154,229420,-42130,229440,False
-40102,229348,-40092,229356,False
-38448,229384,-38434,229400,False
-35582,229450,-35570,229460,True
-30262,229492,-30250,229504,-1
-42888,229282,-42862,229304,False
-41636,229330,-41626,229340,True
-40966,229250,-40954,229262,False
-30444,229224,-30430,229236,False
-42192,229192,-42176,229204,True
-37750,229088,-37728,229110,-1
-30714,229166,-30706,229174,True
-43378,228962,-43350,228992,False
-42572,229072,-42560,229082,False
-42460,229036,-42448,229046,False
-40490,229076,-40482,229082,False
-36444,229076,-36436,229086,False
-30532,229034,-30518,229048,False
-30170,229052,-30158,229064,False
-43138,228834,-43124,228844,True
-42668,228966,-42638,228994,False
-39386,228832,-39372,228846,False
-38530,228956,-38518,228966,True
-31948,228938,-31936,228950,False
-30450,228906,-30438,228918,True
-41276,228758,-41268,228764,False
-33752,228804,-33724,228836,False
-30048,228820,-30040,228826,False
-30062,228790,-30050,228802,False
-42152,228696,-42144,228702,False
-41100,228576,-41088,228590,-1
-38608,228610,-38592,228624,False
-41170,228522,-41162,228530,False
-30198,228566,-30186,228578,True
-43608,228392,-43600,228400,True
-39018,228408,-39008,228420,False
-36010,228322,-35990,228340,-1
-34674,228440,-34664,228448,False
-36562,228272,-36550,228288,True
-35156,228238,-35144,228250,False
-43624,228138,-43614,228146,False
-34574,228156,-34562,228168,True
-31334,228186,-31318,228202,True
-42744,228064,-42736,228070,False
-42654,227974,-42630,228000,-1
-36718,228016,-36704,228032,True
-41118,227846,-41106,227856,True
-41020,227886,-41012,227896,True
-40008,227890,-39998,227898,-1
-32912,227762,-32900,227774,False
-31082,227746,-31074,227752,True
-30654,227720,-30636,227740,False
-30222,227726,-30210,227736,False
-40932,227494,-40920,227502,False
-30950,227486,-30938,227496,True
-31736,227394,-31724,227408,True
-30686,227436,-30674,227446,False
-41098,227178,-41088,227188,False
-31856,227236,-31842,227248,False
-30170,227208,-30160,227218,False
-43104,227442,-43092,227456,False
-37976,226948,-37964,226960,True
-33502,226954,-33490,226966,False
-37676,226816,-37664,226828,False
-37634,226892,-37624,226902,False
-43126,226662,-43114,226674,True
-36802,226730,-36794,226738,False
-35822,226678,-35812,226688,False
-33330,226700,-33314,226716,True
-32476,226674,-32466,226684,False
-36850,226600,-36834,226616,False
-36588,226646,-36578,226656,False
-34880,226630,-34872,226640,False
-36608,226496,-36580,226524,False
-35074,226564,-35064,226576,True
-35138,226506,-35130,226514,False
-37656,226346,-37638,226364,False
-37122,226344,-37106,226360,True
-36764,226346,-36756,226354,False
-36486,226334,-36476,226346,True
-36086,226382,-36076,226392,True
-31802,226292,-31790,226304,False
-37074,226252,-37048,226276,True
-36336,226258,-36328,226268,True
-35040,226186,-35030,226196,True
-40084,226090,-40068,226102,True
-38038,226016,-38024,226028,False
-35456,226080,-35426,226108,False
-35506,226142,-35490,226160,True
-35070,226086,-35058,226098,False
-31914,226104,-31904,226116,False
-37998,225926,-37984,225942,False
-34440,225954,-34432,225964,True
-33776,225992,-33768,226000,-1
-36430,225850,-36420,225860,True
-34212,225840,-34204,225848,False
-43928,225678,-43912,225692,False
-34382,225702,-34372,225710,True
-36198,225590,-36190,225600,True
-36190,225548,-36178,225560,True
-36090,225586,-36082,225594,True
-34338,225548,-34314,225568,False
-35790,225436,-35750,225470,True
-31872,225494,-31864,225502,False
-41248,225202,-41234,225218,False
-42296,225132,-42284,225142,True
-38820,225110,-38810,225118,False
-41324,224772,-41314,224784,False
-36150,224848,-36140,224856,True
-35178,224768,-35166,224782,-1
-36940,224706,-36932,224714,False
-35476,224692,-35466,224700,False
-41684,224570,-41662,224588,False
-37104,224474,-37096,224482,True
-43644,224242,-43634,224252,False
-32008,224264,-31992,224278,-1
-42650,224244,-42636,224258,False
-42732,224158,-42714,224174,False
-33464,224210,-33450,224226,True
-41304,224060,-41288,224074,False
-39428,224024,-39410,224042,True
-37412,224020,-37406,224026,False
-43940,223884,-43926,223896,False
-41852,223860,-41844,223870,False
-41198,223890,-41184,223906,False
-38636,223914,-38624,223930,True
-35378,223926,-35364,223938,-1
-32406,223910,-32374,223942,True
-40342,223850,-40326,223868,-1
-38594,223786,-38584,223796,False
-32830,223770,-32816,223786,True
-32422,223816,-32408,223830,False
-34362,223658,-34340,223680,-1
-43722,223596,-43708,223612,False
-42762,223470,-42752,223480,True
-39214,223498,-39202,223506,True
-36230,223478,-36222,223484,False
-36194,223484,-36184,223494,True
-43650,223462,-43638,223474,True
-43040,223364,-43030,223372,False
-40882,223374,-40872,223384,True
-40106,223426,-40092,223442,True
-37078,223328,-37064,223338,False
-36784,223434,-36774,223444,True
-36166,223502,-36158,223510,True
-43136,223270,-43128,223280,False
-36826,223322,-36814,223332,True
-36542,223282,-36528,223298,False
-42926,223090,-42914,223100,False
-38596,223194,-38564,223220,False
-42938,223062,-42930,223072,True
-37332,223066,-37326,223072,False
-37076,223044,-37062,223058,True
-36616,223050,-36608,223056,False
-35818,223054,-35810,223064,False
-34362,222960,-34348,222972,True
-43650,222886,-43636,222902,False
-42922,222916,-42912,222926,True
-42412,222926,-42402,222936,False
-36704,222860,-36694,222872,False
-34378,222910,-34370,222918,True
-33588,222770,-33576,222780,True
-32370,222814,-32360,222826,False
-39724,222680,-39714,222690,True
-37432,222628,-37420,222640,True
-35864,222676,-35858,222682,False
-34060,222666,-34050,222678,False
-33648,222650,-33636,222662,True
-33596,222634,-33586,222642,True
-42528,222562,-42516,222574,False
-41078,222578,-41070,222586,False
-38434,222506,-38426,222514,True
-33118,222486,-33106,222498,False
-39864,222394,-39856,222402,True
-37390,222398,-37378,222410,True
-37364,222390,-37354,222400,True
-38574,222226,-38564,222238,True
-37876,222198,-37868,222204,True
-36172,222232,-36164,222240,False
-34688,222310,-34670,222328,-1
-32572,222286,-32558,222298,True
-39094,222164,-39070,222194,True
-37156,222048,-37142,222060,True
-36820,222118,-36812,222126,True
-36228,222074,-36216,222082,False
-34942,222164,-34910,222190,True
-34808,222066,-34790,222084,False
-36944,221978,-36930,221992,True
-35738,221932,-35724,221944,True
-33556,222042,-33548,222048,False
-42470,221840,-42460,221850,True
-38714,221914,-38702,221928,True
-37008,221858,-36966,221892,True
-36640,221890,-36622,221908,True
-35836,221894,-35826,221902,True
-33060,221892,-33046,221906,True
-32882,221930,-32872,221944,True
-39108,221772,-39092,221788,False
-37584,221714,-37556,221746,True
-36802,221674,-36790,221686,True
-34252,221754,-34244,221760,False
-33616,221766,-33608,221774,False
-42738,221626,-42726,221640,False
-42592,221608,-42578,221624,True
-38136,221544,-38124,221554,False
-33436,221710,-33428,221718,True
-42934,221444,-42922,221454,True
-38274,221488,-38258,221502,True
-37680,221524,-37658,221544,False
-37142,221476,-37126,221490,False
-36454,221528,-36438,221542,True
-35428,221482,-35416,221494,False
-33158,221408,-33146,221420,True
-37154,221354,-37138,221372,-1
-36338,221304,-36320,221328,True
-34974,221424,-34964,221432,True
-43880,221212,-43866,221226,False
-43020,221268,-43010,221280,True
-39926,221222,-39918,221230,True
-37774,221266,-37762,221280,True
-34252,221208,-34232,221226,True
-38188,221060,-38180,221068,False
-36758,221024,-36740,221040,True
-36728,221062,-36714,221076,True
-35396,221042,-35384,221052,True
-40614,220896,-40602,220906,True
-36432,220910,-36418,220924,False
-33150,220896,-33112,220928,False
-32866,220962,-32858,220970,-1
-37860,220872,-37854,220876,False
-35882,220916,-35872,220926,-1
-35510,220850,-35498,220860,True
-38050,220654,-38038,220666,True
-36858,220648,-36848,220658,True
-41500,220528,-41482,220544,True
-37666,220536,-37632,220562,-1
-37540,220514,-37524,220528,True
-35992,220594,-35980,220608,-1
-35148,220564,-35140,220574,True
-34654,220570,-34642,220580,False
-34222,220604,-34208,220616,False
-42882,220524,-42866,220538,False
-37502,220406,-37490,220420,True
-37466,220474,-37458,220480,False
-37316,220998,-37294,221022,True
-34556,220392,-34546,220404,True
-34370,220488,-34356,220500,True
-41728,220304,-41718,220312,True
-38300,220302,-38290,220312,-1
-37824,220294,-37814,220304,True
-37224,220310,-37192,220336,True
-37216,220380,-37206,220392,False
-36098,220276,-36092,220282,False
-37856,220138,-37838,220156,True
-37316,220228,-37308,220236,False
-33606,220210,-33590,220226,False
-32970,220196,-32962,220202,False
-37424,220148,-37416,220154,False
-35680,220062,-35648,220100,True
-42758,219958,-42748,219970,True
-37760,219954,-37750,219964,True
-37594,219928,-37580,219940,False
-35216,219954,-35202,219968,True
-41734,219790,-41710,219812,True
-39570,219786,-39552,219806,True
-39460,219772,-39452,219780,True
-39286,219774,-39272,219788,True
-39456,219720,-39448,219728,False
-36668,219682,-36658,219694,False
-35874,219702,-35850,219724,False
-42750,219614,-42736,219630,False
-40490,219524,-40468,219548,False
-39528,219606,-39520,219614,False
-38512,219586,-38504,219592,False
-38194,219574,-38180,219586,True
-33168,219544,-33154,219560,False
-41878,219420,-41868,219430,False
-38804,219366,-38794,219374,False
-39204,219250,-39192,219262,True
-39064,219328,-39056,219336,False
-33354,219352,-33342,219362,True
-33232,219356,-33222,219366,False
-41678,219184,-41664,219200,False
-43402,219018,-43390,219028,True
-35278,219098,-35266,219108,False
-40820,218902,-40812,218908,False
-35770,218928,-35754,218942,True
-33400,219458,-33384,219472,True
-43146,218720,-43126,218738,-1
-38626,218846,-38610,218864,False
-36834,218788,-36824,218800,False
-34796,218832,-34786,218842,True
-36738,218712,-36712,218738,False
-35608,218536,-35600,218544,False
-35538,218350,-35528,218362,False
-34136,218440,-34128,218448,False
-41568,218826,-41544,218848,True
-36260,218208,-36240,218226,False
-34370,218362,-34362,218368,True
-43114,218118,-43102,218128,True
-43024,218194,-43016,218204,False
-35170,218178,-35158,218188,False
-34308,218186,-34300,218192,False
-43430,218542,-43420,218554,True
-35506,218034,-35494,218046,-1
-34310,218074,-34292,218092,False
-34424,217718,-34414,217728,True
-37632,217650,-37620,217664,True
-35198,217366,-35168,217394,True
-36402,217246,-36392,217254,True
-35018,217262,-35008,217272,True
-35332,216992,-35316,217008,True
-34486,216940,-34474,216950,True
-34208,216774,-34196,216784,True
-37062,216622,-37050,216636,True
-34906,216664,-34896,216672,False
-34184,216602,-34176,216608,False
-37428,216442,-37418,216452,True
-37234,216538,-37222,216548,True
-35694,216416,-35680,216430,False
-34820,216528,-34808,216538,False
-37396,216332,-37378,216348,False
-37126,216378,-37110,216396,False
-37210,216306,-37196,216318,True
-37128,216328,-37106,216346,True
-35840,216288,-35808,216318,False
-35184,216416,-35156,216444,False
-36652,216254,-36644,216262,True
-36110,216212,-36100,216220,False
-35452,216258,-35426,216282,True
-35110,216262,-35096,216274,False
-36698,216102,-36688,216112,False
-35168,216150,-35154,216160,False
