-14932,271400,-14922,271410,False
-14298,271778,-14274,271802,False
-15238,270320,-15216,270338,False
-28880,269948,-28870,269958,True
-26392,269882,-26376,269898,False
-18520,269868,-18510,269878,False
-15220,269834,-15212,269842,False
-28490,269834,-28480,269844,True
-28252,269736,-28244,269744,True
-26218,269788,-26208,269796,True
-29854,269622,-29844,269632,True
-26032,269600,-26024,269608,False
-16860,269660,-16844,269676,True
-15294,269636,-15282,269650,False
-29250,269492,-29232,269510,False
-29182,269366,-29170,269378,True
-28866,269454,-28856,269462,False
-26698,269420,-26682,269434,True
-26526,269350,-26504,269368,False
-26374,269416,-26342,269448,False
-26280,269456,-26272,269466,True
-26204,269410,-26196,269420,True
-16558,269438,-16544,269448,True
-28760,269318,-28744,269334,False
-27476,269260,-27464,269270,True
-27420,269194,-27406,269208,False
-27400,269216,-27384,269234,False
-26800,269214,-26780,269232,True
-16624,269242,-16618,269248,False
-14496,269208,-14484,269220,-1
-26918,269180,-26908,269188,True
-26628,269108,-26598,269138,False
-26452,269058,-26444,269066,False
-26304,269150,-26288,269176,False
-26928,269068,-26912,269086,False
-16726,269168,-16716,269180,True
-15338,269122,-15326,269134,False
-26514,269050,-26508,269058,False
-19730,269034,-19720,269044,-1
-18546,268994,-18536,269002,True
-14438,268932,-14420,268952,True
-29026,268888,-29018,268896,False
-28956,268916,-28942,268930,True
-27984,268898,-27978,268904,False
-27474,268898,-27464,268908,True
-27340,268828,-27330,268840,False
-24972,268816,-24960,268826,True
-18668,268822,-18658,268832,False
-18464,268922,-18450,268938,False
-28362,268672,-28332,268692,True
-27284,268704,-27264,268726,False
-27128,268750,-27092,268782,-1
-26020,268700,-25998,268718,-1
-25910,268684,-25886,268710,False
-25186,268718,-25174,268726,False
-25256,268726,-25232,268750,False
-19538,268774,-19528,268786,-1
-14900,268692,-14890,268700,-1
-29792,268588,-29784,268594,False
-28238,268652,-28228,268664,True
-27548,268606,-27542,268612,False
-26924,269156,-26910,269170,True
-26116,268602,-26100,268618,False
-26416,268544,-26396,268570,False
-24172,268664,-24162,268674,True
-15408,268546,-15384,268572,True
-29870,268556,-29854,268572,True
-28484,268580,-28478,268586,False
-28482,268536,-28448,268562,True
-28318,268504,-28292,268530,False
-26836,268472,-26826,268480,False
-26570,268532,-26544,268554,False
-26004,268488,-25982,268512,-1
-25946,268484,-25922,268506,False
-24826,268518,-24814,268528,False
-20264,268504,-20256,268512,False
-15950,268424,-15934,268438,False
-29906,268368,-29894,268378,True
-27934,268378,-27908,268400,True
-27526,268300,-27518,268308,True
-24512,268310,-24492,268330,True
-20794,268358,-20788,268364,False
-19882,268370,-19870,268382,False
-15202,268372,-15186,268384,True
-28606,268162,-28592,268178,False
-26690,268130,-26684,268136,False
-26034,268144,-26022,268154,True
-21678,268060,-21660,268076,True
-27122,268048,-27110,268058,-1
-24754,268010,-24746,268020,True
-18560,267994,-18550,268006,-1
-15142,267976,-15124,267998,False
-28866,267788,-28850,267804,True
-27386,267800,-27376,267808,True
-19646,267866,-19632,267880,False
-19006,267890,-18986,267908,True
-18390,267818,-18378,267830,False
-17874,267834,-17862,267846,True
-17838,267874,-17826,267884,True
-16104,267868,-16094,267878,True
-28664,267728,-28644,267744,False
-27494,267706,-27482,267718,False
-27356,267720,-27336,267744,True
-27442,267768,-27430,267780,True
-26270,267648,-26254,267666,True
-25442,267684,-25432,267694,True
-19374,267686,-19360,267700,True
-19218,267766,-19204,267780,True
-18950,267706,-18936,267718,True
-16462,267688,-16452,267696,False
-15952,267666,-15944,267674,False
-14592,267796,-14576,267816,True
-29228,267546,-29206,267568,True
-29032,267566,-29018,267578,True
-28928,267570,-28920,267576,True
-28156,267580,-28136,267596,True
-21862,267636,-21852,267646,True
-18694,267530,-18666,267558,True
-29538,267502,-29524,267516,True
-29254,267478,-29220,267510,True
-25698,267442,-25678,267460,False
-23576,267500,-23568,267510,True
-23108,267504,-23094,267520,-1
-15116,267508,-15104,267520,True
-29852,267358,-29830,267380,True
-29256,267294,-29228,267320,True
-29196,267272,-29176,267292,False
-29248,267336,-29216,267366,True
-29044,267500,-29036,267504,False
-27424,267372,-27408,267386,-1
-27002,267314,-26992,267324,False
-26808,267298,-26782,267328,True
-26214,267328,-26206,267336,False
-26098,267308,-26064,267340,False
-25366,267376,-25344,267398,True
-19652,267350,-19642,267360,True
-19596,267270,-19586,267282,False
-19626,267282,-19620,267290,False
-19500,267272,-19490,267280,False
-27176,267256,-27162,267272,False
-26888,267264,-26880,267272,False
-22612,267190,-22588,267210,False
-21312,267220,-21298,267234,-1
-19036,267246,-19004,267274,True
-29754,267074,-29748,267082,False
-28240,267050,-28230,267064,False
-28354,267010,-28330,267034,True
-28188,267060,-28168,267076,False
-27538,267012,-27526,267026,False
-27458,267100,-27448,267110,True
-26650,267126,-26640,267134,True
-21700,267108,-21682,267124,False
-18570,267116,-18562,267122,True
-29264,267090,-29232,267114,False
-28518,266988,-28506,267000,True
-26582,267032,-26570,267044,True
-26428,266908,-26416,266918,True
-23550,267006,-23540,267014,True
-23342,266902,-23332,266916,True
-23156,266944,-23134,266970,False
-22362,266964,-22352,266976,True
-20296,266890,-20278,266908,False
-20028,266956,-20006,266978,False
-28986,266842,-28978,266850,True
-28396,266952,-28386,266964,True
-28198,266836,-28186,266846,True
-27626,266836,-27614,266848,False
-26842,266860,-26820,266884,True
-26736,266834,-26728,266840,True
-26276,266820,-26264,266830,False
-25982,266828,-25970,266842,True
-25000,266888,-24992,266894,True
-24872,266752,-24858,266764,True
-23320,266822,-23308,266834,False
-22428,266800,-22420,266808,True
-18844,266786,-18834,266794,False
-18782,266826,-18768,266840,-1
-29714,266626,-29704,266634,False
-27828,266832,-27814,266844,False
-27518,266640,-27506,266652,True
-26806,266716,-26784,266736,False
-22544,266704,-22518,266726,True
-20296,266730,-20264,266758,True
-20134,266674,-20122,266686,True
-20020,266748,-20002,266764,True
-29334,266562,-29314,266580,False
-26064,266510,-26054,266518,True
-25256,266576,-25234,266598,False
-21772,266566,-21764,266574,False
-21690,266522,-21682,266534,True
-17076,266578,-17064,266592,False
-28028,266470,-28022,266476,False
-27106,266998,-27096,267008,False
-26938,266526,-26932,266532,False
-25914,266390,-25902,266400,True
-29774,266366,-29758,266382,False
-26652,266308,-26640,266322,False
-23738,266868,-23726,266880,True
-21424,266862,-21408,266880,True
-29442,266186,-29436,266192,False
-29416,266192,-29388,266214,False
-24750,266182,-24724,266206,True
-23106,266260,-23098,266270,True
-22172,266188,-22156,266206,False
-20584,266194,-20574,266204,True
-20314,266188,-20292,266208,True
-18314,266112,-18294,266128,False
-17000,266248,-16986,266260,False
-29894,266068,-29888,266074,False
-29940,266008,-29902,266032,False
-28896,266056,-28888,266064,True
-28608,266046,-28600,266054,True
-27110,266018,-27100,266026,False
-25514,266066,-25504,266078,True
-24042,266010,-24026,266022,False
-29880,265976,-29864,265990,False
-29554,265966,-29544,265976,True
-29472,265940,-29464,265946,True
-29650,265862,-29640,265872,True
-29062,265962,-29038,265986,True
-28492,265888,-28472,265902,False
-24710,265952,-24698,265966,True
-22750,265856,-22730,265872,False
-17864,265884,-17848,265894,False
-17714,265944,-17704,265956,False
-17968,265944,-17958,265958,True
-17146,265894,-17132,265908,False
-16132,265930,-16114,265950,True
-15772,265890,-15754,265904,False
-15306,265964,-15294,265978,True
-15436,265976,-15424,265988,True
-14426,265914,-14412,265926,False
-29784,265810,-29766,265828,True
-29230,265760,-29210,265772,True
-23000,265814,-22992,265824,False
-22866,265728,-22834,265752,False
-18426,265804,-18414,265816,True
-15220,265810,-15208,265824,True
-14848,265764,-14836,265774,True
-14688,265760,-14668,265780,True
-14184,265782,-14170,265798,True
-14088,265836,-14076,265850,-1
-28236,265682,-28228,265690,False
-26578,265626,-26564,265642,False
-21194,265600,-21160,265632,-1
-20194,265720,-20182,265732,True
-18658,265654,-18646,265666,False
-15574,265692,-15560,265704,False
-14576,265720,-14562,265734,False
-14632,265642,-14614,265660,True
-14284,265718,-14274,265728,True
-23930,265598,-23922,265606,False
-23620,265542,-23600,265558,True
-29762,265402,-29750,265416,True
-29620,265364,-29608,265374,True
-29492,265422,-29482,265432,True
-26698,265430,-26686,265438,False
-26428,265396,-26420,265404,False
-24096,265464,-24080,265480,True
-28308,265334,-28298,265342,True
-26622,265332,-26598,265352,False
-21384,265244,-21374,265252,True
-14906,265312,-14896,265320,False
-29886,265132,-29876,265142,False
-29310,265116,-29294,265138,False
-28802,265148,-28792,265158,False
-23754,265176,-23742,265188,True
-21262,265102,-21256,265108,False
-16802,265198,-16776,265222,False
-28852,265106,-28842,265118,False
-28726,265000,-28714,265014,False
-28126,265020,-28114,265032,False
-27788,265026,-27782,265032,False
-26638,265110,-26626,265120,True
-24944,265036,-24926,265058,True
-23270,264960,-23250,264978,False
-22478,264996,-22462,265008,True
-22418,265092,-22408,265104,True
-21246,265038,-21222,265062,True
-20912,264992,-20904,264998,False
-20080,265286,-20054,265304,False
-29738,264850,-29728,264860,False
-29280,264864,-29272,264872,False
-27652,264944,-27644,264954,True
-27146,264942,-27130,264960,False
-25534,264834,-25520,264850,-1
-22414,264914,-22402,264930,True
-29558,264740,-29534,264764,True
-26174,264794,-26160,264812,False
-25630,264856,-25614,264876,False
-24334,264744,-24324,264754,True
-24324,264774,-24312,264782,True
-23356,264820,-23344,264836,False
-23282,264814,-23266,264826,True
-23090,264724,-23076,264736,False
-22568,264822,-22556,264832,False
-20252,264738,-20236,264754,True
-26634,264618,-26624,264628,True
-23342,264642,-23324,264656,True
-23338,264672,-23326,264684,False
-21106,264656,-21096,264664,True
-20766,264694,-20752,264710,True
-20004,264646,-19992,264656,-1
-19826,264600,-19808,264618,True
-29030,264528,-29020,264536,False
-23826,264514,-23812,264530,True
-29340,264388,-29328,264400,True
-29104,264210,-29090,264226,False
-28162,264236,-28134,264264,True
-23912,264252,-23898,264264,False
-23526,264332,-23508,264346,False
-21094,264260,-21082,264272,True
-20800,264266,-20786,264282,False
-29042,264126,-29032,264134,False
-24182,264066,-24144,264094,False
-23810,264186,-23798,264196,True
-23850,264222,-23842,264230,True
-19954,264692,-19940,264704,False
-19606,264128,-19582,264148,True
-16934,264150,-16922,264164,True
-21800,263984,-21788,263994,True
-19242,264064,-19230,264076,False
-29730,263950,-29720,263960,True
-24268,263840,-24258,263850,True
-24098,263862,-24078,263880,False
-23740,263830,-23728,263842,True
-23690,263872,-23678,263882,True
-19276,263928,-19254,263954,False
-18448,263864,-18440,263872,False
-27996,263806,-27976,263822,False
-23984,263682,-23964,263700,True
-23850,263788,-23834,263800,True
-23616,264308,-23602,264320,False
-20678,263742,-20656,263764,False
-20604,263700,-20596,263708,False
-29914,263566,-29884,263594,False
-24610,263556,-24598,263568,False
-22590,263572,-22578,263584,True
-22194,263634,-22170,263656,False
-18736,263670,-18718,263696,False
-28884,263424,-28872,263434,True
-23956,263486,-23930,263506,True
-23108,263460,-23098,263472,True
-23092,263436,-23082,263446,True
-22786,263444,-22768,263460,False
-20050,263548,-20038,263562,True
-29908,263394,-29898,263404,True
-28284,263516,-28274,263526,True
-26956,263356,-26932,263386,True
-22992,263400,-22980,263412,True
-23032,263418,-23018,263434,True
-15766,263468,-15742,263488,True
-29428,263240,-29416,263254,False
-28040,263290,-28028,263306,False
-25002,263480,-24990,263490,False
-23254,263242,-23242,263254,False
-23278,263268,-23258,263286,True
-23278,263190,-23270,263198,True
-24582,263044,-24568,263056,False
-23298,263092,-23288,263104,False
-20652,263146,-20640,263158,True
-19160,263174,-19144,263192,-1
-28820,262964,-28810,262974,False
-24212,262858,-24192,262874,False
-21612,262898,-21582,262924,False
-29514,262750,-29504,262760,True
-24160,262792,-24148,262802,True
-22170,263284,-22158,263296,True
-15534,262696,-15506,262720,True
-28426,262548,-28418,262554,False
-23024,262610,-23012,262624,True
-22062,262528,-22048,262540,True
-17878,262528,-17854,262550,False
-15106,262562,-15096,262570,-1
-30000,262406,-29988,262420,True
-24374,262470,-24344,262498,False
-18156,262466,-18144,262478,False
-29516,262356,-29508,262364,True
-29378,262300,-29368,262310,False
-27188,262274,-27174,262288,False
-16792,262406,-16780,262416,True
-29458,262144,-29442,262156,False
-29836,262230,-29814,262248,True
-24320,262216,-24312,262224,False
-29322,262140,-29312,262152,False
-26176,262016,-26162,262026,False
-24872,262130,-24858,262144,False
-20352,262102,-20338,262114,True
-25914,262026,-25902,262036,True
-25888,261938,-25876,261948,True
-27774,261824,-27762,261834,-1
-24116,261812,-24104,261824,False
-22062,261842,-22054,261848,False
-15170,261836,-15158,261846,False
-29704,261654,-29682,261672,True
-28134,261692,-28124,261700,True
-27918,261706,-27908,261716,True
-26374,261672,-26360,261686,True
-26274,261756,-26256,261776,True
-26108,261758,-26098,261768,False
-28500,261568,-28490,261580,False
-27880,261598,-27870,261608,True
-25434,261516,-25418,261530,False
-15148,261594,-15128,261614,False
-29374,261464,-29360,261484,False
-23786,261384,-23774,261394,True
-21688,261422,-21678,261430,True
-25882,261274,-25860,261296,False
-24594,261298,-24586,261306,False
-22576,261162,-22560,261182,False
-20954,261142,-20944,261150,False
-18372,261140,-18352,261160,False
-29966,261030,-29952,261040,False
-27922,261088,-27906,261102,False
-28502,260872,-28486,260888,True
-21702,260954,-21690,260968,-1
-29782,260848,-29770,260862,True
-29762,260716,-29750,260728,False
-21878,260732,-21864,260744,False
-16274,260652,-16260,260664,True
-26600,260556,-26590,260566,True
-17840,260536,-17824,260552,True
-22614,260356,-22600,260368,-1
-19226,260392,-19216,260400,False
-19032,260462,-19016,260480,True
-18020,260374,-18006,260388,True
-17486,260490,-17476,260500,False
-17176,260438,-17168,260448,True
-16878,260352,-16866,260364,False
-15702,260426,-15688,260438,-1
-15168,260484,-15156,260498,True
-14514,260406,-14500,260422,False
-26400,260270,-26382,260286,False
-21784,260316,-21774,260326,False
-18554,260290,-18540,260304,False
-14786,260328,-14778,260336,False
-14562,260252,-14554,260262,True
-26164,260198,-26152,260208,True
-24044,260154,-24032,260166,False
-22660,260138,-22638,260158,False
-18650,260274,-18640,260284,True
-25506,259974,-25496,259986,False
-18648,260070,-18638,260080,False
-25766,259956,-25760,259962,False
-15436,259880,-15422,259892,False
-27350,259790,-27340,259800,False
-24128,259814,-24114,259826,False
-23768,259772,-23758,259780,True
-23758,259730,-23746,259738,True
-16444,259848,-16432,259860,False
-25050,259698,-25010,259730,False
-24346,259628,-24334,259638,False
-23106,259660,-23092,259676,True
-26654,259500,-26640,259512,False
-26492,259538,-26484,259548,True
-22296,259504,-22284,259514,True
-14526,259496,-14510,259512,False
-25146,259436,-25132,259448,False
-22050,259466,-22038,259478,False
-26874,259258,-26862,259268,-1
-26472,259300,-26462,259312,True
-24826,259214,-24812,259226,True
-24224,259260,-24208,259274,True
-23832,259374,-23820,259384,True
-24240,259212,-24224,259228,False
-23100,259284,-23088,259296,False
-16152,259246,-16138,259254,True
-15752,259306,-15736,259320,False
-14730,259242,-14720,259252,False
-22494,259078,-22478,259096,False
-22056,259154,-22042,259166,False
-21192,259154,-21178,259168,True
-21046,259194,-21036,259204,True
-16850,259144,-16840,259154,False
-15738,259084,-15726,259096,False
-14240,259162,-14226,259176,True
-21678,259014,-21662,259030,False
-14608,259040,-14600,259048,True
-14034,259072,-14024,259084,False
-23066,258952,-23050,258968,True
-22042,258890,-22028,258902,False
-17572,258924,-17560,258936,False
-14508,258944,-14500,258950,True
-28464,258602,-28456,258612,False
-18316,258632,-18296,258650,True
-27568,258462,-27538,258484,True
-23378,258442,-23360,258464,True
-19020,258456,-19008,258466,True
-16550,258526,-16536,258542,False
-23798,258326,-23784,258342,False
-22564,258220,-22554,258234,False
-22362,258222,-22352,258234,False
-22110,258284,-22086,258306,False
-17178,258288,-17168,258296,False
-16176,258248,-16168,258256,False
-24254,258068,-24244,258076,-1
-22368,258116,-22358,258126,True
-22414,258150,-22400,258162,True
-22354,258180,-22342,258192,False
-21510,258076,-21488,258098,True
-18186,258168,-18170,258182,-1
-23460,258006,-23448,258018,False
-18988,258034,-18980,258040,False
-17882,257942,-17870,257954,False
-24754,257890,-24742,257906,True
-24368,257836,-24352,257852,True
-24098,257816,-24090,257822,True
-20994,257926,-20982,257938,False
-22306,257726,-22282,257746,True
-22194,257732,-22180,257744,True
-18772,257772,-18764,257778,-1
-26316,257618,-26304,257628,False
-24824,257700,-24810,257712,False
-23128,257562,-23118,257572,True
-22462,257542,-22450,257550,False
-19400,257586,-19390,257596,True
-18750,257540,-18738,257556,False
-18978,257568,-18970,257578,False
-16264,257560,-16248,257580,True
-16204,257588,-16186,257604,False
-16138,257560,-16122,257578,False
-22026,257450,-22014,257462,True
-19258,257502,-19248,257514,True
-16390,257476,-16376,257488,False
-15948,257494,-15932,257512,False
-24834,257896,-24804,257918,True
-22920,257310,-22904,257324,True
-15044,257346,-15028,257366,False
-14500,257404,-14490,257416,False
-19762,257234,-19754,257240,False
-15756,257156,-15746,257168,False
-14262,257276,-14250,257288,False
-23536,257114,-23524,257124,False
-21736,257108,-21722,257120,-1
-15552,257088,-15536,257104,False
-14892,257130,-14866,257162,False
-23368,256950,-23352,256966,True
-22838,256994,-22816,257016,False
-21794,257000,-21784,257010,False
-21534,257002,-21512,257022,-1
-19734,256996,-19720,257008,True
-21604,256786,-21588,256802,-1
-21534,256826,-21524,256836,False
-19686,256816,-19672,256836,True
-23792,256678,-23776,256700,True
-22844,256786,-22836,256794,True
-27196,256608,-27186,256616,False
-25186,256636,-25176,256646,False
-23928,256586,-23910,256602,False
-23626,256636,-23612,256650,True
-21624,256612,-21602,256634,False
-20910,256604,-20900,256616,False
-15810,256448,-15800,256456,False
-14156,256442,-14138,256460,False
-26244,256342,-26232,256354,False
-23848,256298,-23838,256306,True
-23772,256260,-23764,256268,True
-23078,256356,-23062,256372,False
-22602,256290,-22594,256298,True
-25078,256246,-25068,256256,True
-24364,256218,-24350,256232,True
-22494,256136,-22476,256154,True
-22380,256250,-22372,256258,False
-17790,256148,-17778,256160,False
-15022,256140,-15008,256154,False
-26160,256000,-26140,256018,True
-25068,256060,-25058,256072,True
-16124,256094,-16114,256102,True
-15214,256054,-15200,256066,False
-14098,256094,-14090,256104,True
-26802,255986,-26790,256000,-1
-25586,256004,-25574,256016,False
-24502,255616,-24486,255632,False
-17830,255706,-17816,255722,False
-16694,255702,-16682,255712,False
-25494,255588,-25486,255596,True
-18224,255536,-18210,255552,True
-14062,255516,-14048,255528,True
-25914,255474,-25896,255490,False
-20556,255408,-20544,255424,False
-17946,255400,-17934,255412,True
-30000,255314,-29982,255334,-1
-23886,255318,-23876,255328,False
-20018,255010,-20008,255020,-1
-17876,255080,-17868,255088,True
-17296,255062,-17284,255074,False
-15056,255098,-15048,255104,False
-14498,255054,-14488,255062,True
-17072,254928,-17064,254936,False
-16982,254944,-16972,254954,False
-16904,254854,-16874,254880,False
-14838,254914,-14826,254928,True
-23876,254808,-23860,254822,True
-15470,254846,-15456,254858,False
-14374,254766,-14362,254778,True
-14240,254780,-14226,254794,True
-17742,254702,-17728,254716,False
-14378,254674,-14368,254682,True
-26074,254502,-26062,254514,False
-25778,254544,-25762,254558,True
-23728,255086,-23718,255096,False
-15262,254550,-15252,254560,False
-25928,254438,-25912,254452,True
-26048,254454,-26026,254472,True
-20500,254374,-20488,254384,False
-18348,254378,-18338,254388,True
-17630,254368,-17618,254380,False
-16882,254364,-16862,254380,False
-16258,254420,-16246,254430,True
-25016,254300,-25002,254314,False
-18436,254346,-18424,254356,True
-17978,254326,-17968,254336,False
-17408,254262,-17396,254272,False
-28896,254188,-28888,254200,True
-18092,254158,-18082,254166,True
-17834,254132,-17822,254144,False
-15952,254086,-15940,254096,True
-26470,253972,-26458,253984,False
-18678,254050,-18668,254058,False
-18658,253964,-18640,253982,-1
-18290,253990,-18280,254000,-1
-18236,254022,-18226,254036,False
-18178,254000,-18170,254008,True
-17904,253880,-17892,253892,True
-17418,254000,-17402,254014,False
-29854,253816,-29842,253828,True
-21244,253768,-21234,253778,True
-16596,253782,-16582,253794,False
-26238,253614,-26218,253636,False
-20218,253588,-20206,253604,True
-15318,253630,-15306,253640,True
-29490,253520,-29480,253530,True
-29086,253564,-29074,253576,False
-22360,253440,-22346,253456,True
-20794,253564,-20786,253574,True
-17794,253470,-17784,253480,True
-28354,253430,-28342,253442,False
-17724,253410,-17716,253416,False
-16360,253376,-16342,253392,False
-29916,253246,-29906,253256,True
-21618,253742,-21610,253752,False
-19806,253286,-19796,253296,False
-18634,253260,-18624,253272,True
-17794,253240,-17782,253252,True
-16634,253236,-16624,253246,False
-29584,253158,-29576,253168,False
-19038,253112,-19028,253122,True
-18972,253110,-18962,253118,False
-18854,252944,-18840,252954,True
-15122,253002,-15112,253012,True
-14362,253004,-14346,253020,False
-19198,252900,-19186,252912,False
-26712,252508,-26698,252522,True
-26410,252438,-26398,252448,True
-24766,252188,-24744,252206,-1
-23860,252182,-23832,252212,True
-25954,252654,-25942,252664,True
-24510,251940,-24496,251956,False
-25094,251834,-25086,251842,False
-17688,251804,-17674,251818,False
-14328,251794,-14316,251806,True
-16838,251686,-16824,251700,False
-16778,251728,-16768,251738,True
-16944,251670,-16928,251686,True
-29676,251642,-29666,251652,False
-25518,251410,-25496,251428,True
-14940,251352,-14932,251360,True
-29548,251262,-29540,251270,False
-18254,251326,-18242,251338,False
-15096,251160,-15088,251168,True
-26048,251076,-26038,251086,True
-19234,251148,-19220,251162,False
-15138,251018,-15128,251028,True
-26352,250752,-26338,250768,True
-16464,250790,-16448,250808,False
-14820,250786,-14800,250806,True
-29454,251248,-29440,251262,-1
-26068,250722,-26056,250736,True
-20094,250628,-20078,250640,True
-18542,250738,-18530,250750,False
-17596,250718,-17584,250728,True
-14722,250650,-14710,250660,False
-29938,250558,-29928,250568,False
-19328,250594,-19318,250606,True
-19076,250618,-19060,250636,False
-17538,250604,-17528,250614,False
-17160,250572,-17150,250582,True
-17584,251116,-17572,251128,False
-14964,250580,-14936,250606,False
-14898,250576,-14882,250594,False
-26364,250418,-26354,250428,True
-20266,250390,-20250,250406,False
-20234,250446,-20218,250462,False
-16408,250468,-16384,250488,True
-28658,250330,-28646,250344,False
-26384,250280,-26374,250290,True
-20746,250274,-20728,250292,True
-16290,250332,-16278,250344,False
-17020,250226,-17010,250236,True
-15530,250194,-15520,250202,-1
-25918,250040,-25904,250060,True
-25300,250036,-25290,250048,False
-21850,250014,-21838,250026,False
-21546,250002,-21538,250010,True
-21000,250094,-20992,250104,True
-26052,249902,-26038,249918,True
-25308,249954,-25296,249970,False
-22018,249874,-22004,249884,False
-21480,249930,-21464,249946,False
-21152,249900,-21138,249916,False
-18516,249922,-18504,249936,True
-16710,249924,-16696,249936,True
-14748,249910,-14728,249930,False
-14116,249888,-14102,249900,False
-29910,249786,-29892,249802,True
-23396,249834,-23380,249850,True
-23276,249828,-23258,249846,False
-22144,249764,-22130,249776,False
-29552,249702,-29544,249712,True
-29874,249718,-29860,249730,True
-25868,249692,-25856,249704,True
-19632,249670,-19612,249692,False
-18166,249694,-18154,249704,False
-15526,249710,-15516,249720,False
-28428,249492,-28422,249498,False
-18890,249522,-18876,249538,True
-18696,249592,-18688,249600,False
-28130,249420,-28118,249430,False
-22598,249344,-22586,249356,False
-22176,249442,-22162,249456,True
-15282,249394,-15272,249404,False
-28864,249256,-28856,249266,True
-17884,249258,-17872,249272,True
-19346,249098,-19340,249106,True
-29950,249076,-29930,249100,True
-29962,248994,-29938,249014,False
-28090,249046,-28074,249058,False
-21222,249016,-21210,249026,True
-21094,248996,-21080,249012,False
-17640,249038,-17624,249054,True
-17682,249004,-17670,249016,False
-30000,248954,-29992,248960,False
-30000,248884,-29980,248908,False
-16132,248890,-16116,248904,True
-15592,248946,-15582,248956,True
-29986,248758,-29968,248776,True
-27108,248636,-27098,248646,False
-26328,248636,-26302,248666,False
-25588,248330,-25580,248338,True
-22110,248408,-22100,248420,False
-21294,248362,-21276,248380,False
-23070,248192,-23060,248202,True
-18260,248386,-18242,248402,False
-29426,248064,-29416,248074,True
-29660,248134,-29650,248142,True
-29796,248170,-29788,248178,True
-28746,248144,-28734,248156,True
-25956,248192,-25942,248204,False
-25510,248172,-25502,248178,True
-23094,248102,-23084,248112,True
-21182,248220,-21168,248238,False
-17712,248196,-17698,248212,False
-29232,247924,-29222,247936,True
-24920,247866,-24880,247900,False
-23142,247808,-23118,247830,False
-21580,247888,-21560,247904,True
-29168,247750,-29158,247760,True
-23234,247682,-23202,247704,False
-22376,247558,-22358,247574,False
-15998,247590,-15986,247602,True
-29282,247498,-29272,247512,True
-21680,247530,-21662,247552,False
-15448,247216,-15430,247230,True
-15872,247658,-15862,247670,True
-15786,247096,-15774,247108,False
-15622,247076,-15610,247088,True
-14868,247040,-14846,247060,False
-22574,246954,-22546,246978,False
-15676,246966,-15664,246976,False
-15332,247082,-15304,247110,True
-21540,246812,-21524,246826,True
-15956,246798,-15946,246808,True
-15866,246792,-15856,246800,True
-29080,246704,-29064,246722,False
-27510,246686,-27498,246696,False
-21328,246680,-21320,246688,False
-15320,246680,-15304,246696,True
-15202,246600,-15190,246610,True
-24010,246492,-23998,246506,-1
-15038,246460,-15024,246474,False
-14560,246486,-14546,246498,True
-28864,246358,-28848,246374,False
-19442,246290,-19430,246304,False
-29370,246080,-29352,246098,False
-18026,246076,-18016,246086,False
-15846,246040,-15836,246048,True
-15100,246058,-15092,246066,True
-14980,246094,-14962,246106,False
-14920,246140,-14912,246148,False
-29272,246010,-29256,246026,True
-28602,245874,-28592,245886,False
-14392,245930,-14364,245950,False
-29434,245738,-29420,245752,True
-29302,245726,-29290,245736,-1
-29346,245654,-29332,245666,False
-15400,245720,-15392,245726,True
-14908,245668,-14896,245684,False
-14946,245632,-14928,245646,False
-14784,245696,-14768,245716,True
-21628,245540,-21604,245562,False
-15550,245596,-15536,245608,False
-14950,245610,-14938,245622,True
-14976,245556,-14956,245574,True
-14896,245628,-14882,245640,False
-29374,245376,-29362,245388,False
-20586,245928,-20574,245940,False
-15050,245376,-15034,245390,False
-14988,245450,-14976,245464,True
-29506,245368,-29496,245376,False
-29432,245366,-29420,245376,False
-29208,245368,-29182,245390,False
-29238,245408,-29228,245418,False
-22210,245290,-22180,245314,False
-21644,245302,-21616,245330,False
-15426,245354,-15410,245370,True
-14954,245310,-14942,245320,True
-29498,245226,-29484,245240,True
-29102,245234,-29092,245244,False
-24924,245136,-24902,245152,False
-21680,245172,-21654,245196,False
-15630,245240,-15618,245252,True
-14176,245170,-14166,245182,True
-29230,245102,-29216,245118,True
-24822,245024,-24794,245050,True
-22394,245106,-22382,245120,True
-16088,245068,-16080,245076,False
-29608,244974,-29594,244988,False
-26566,245028,-26552,245040,False
-26240,244862,-26232,244872,False
-25166,244812,-25158,244820,False
-24106,245010,-24096,245020,True
-16940,245350,-16924,245368,True
-29140,244754,-29132,244762,False
-28492,244700,-28482,244710,True
-26866,244740,-26854,244754,False
-24778,244610,-24766,244622,False
-24438,244718,-24426,244728,True
-15952,244644,-15938,244656,False
-27132,244434,-27122,244446,False
-17418,244384,-17406,244396,True
-15858,244488,-15842,244500,False
-22650,244276,-22640,244284,True
-17878,244268,-17858,244288,False
-16626,244226,-16616,244236,True
-16316,244318,-16304,244328,False
-28594,244152,-28582,244164,False
-23946,244180,-23938,244186,False
-22386,244122,-22374,244136,False
-17478,244136,-17466,244148,True
-15810,244716,-15796,244730,False
-24120,243970,-24104,243986,False
-19156,243978,-19146,243988,True
-17730,244038,-17714,244058,False
-18350,244020,-18336,244032,-1
-15974,243960,-15962,243972,False
-23734,243816,-23712,243842,False
-15348,243776,-15336,243788,False
-18900,243536,-18890,243546,False
-24418,243376,-24406,243388,True
-19712,243376,-19696,243390,True
-19616,243352,-19608,243360,False
-15860,243358,-15850,243368,True
-14906,243408,-14896,243416,True
-23916,243316,-23906,243328,True
-16476,243286,-16458,243300,False
-15222,243288,-15210,243296,True
-24404,243148,-24388,243162,True
-19802,242968,-19794,242976,-1
-14556,242988,-14542,243000,True
-14428,242998,-14418,243008,True
-20092,242860,-20080,242876,True
-20074,242866,-20058,242880,True
-17238,242966,-17222,242982,True
-15682,242828,-15666,242842,False
-23378,242790,-23354,242812,False
-23970,242576,-23946,242600,True
-23750,242580,-23728,242604,False
-22834,242650,-22828,242656,False
-19786,242644,-19778,242650,False
-29930,242444,-29920,242454,False
-28366,242500,-28352,242512,True
-22720,242480,-22712,242488,True
-22770,242462,-22762,242470,True
-16558,242540,-16546,242552,True
-29992,242444,-29978,242460,True
-21906,242394,-21896,242402,False
-17068,242436,-17056,242450,True
-15116,242522,-15106,242532,False
-15006,242410,-14994,242422,False
-26386,242286,-26376,242296,True
-23640,242300,-23610,242324,False
-21630,242266,-21618,242280,False
-29700,242088,-29684,242102,False
-27002,242070,-26988,242086,False
-24048,242152,-24034,242166,True
-23852,242104,-23830,242126,True
-22974,242052,-22962,242066,False
-16674,242092,-16656,242104,True
-27174,241960,-27160,241972,False
-26602,241972,-26560,241996,True
-25018,242036,-25004,242050,True
-18184,241968,-18170,241980,False
-17260,241970,-17242,241988,False
-16834,242064,-16822,242078,True
-16810,242056,-16794,242072,False
-14454,241920,-14442,241934,False
-29414,241884,-29402,241894,True
-28464,241864,-28430,241894,False
-27070,241914,-27054,241930,False
-26936,241932,-26922,241944,True
-23774,241848,-23764,241858,True
-17996,241854,-17982,241870,True
-17476,241796,-17458,241812,True
-16998,241870,-16986,241884,True
-16952,241908,-16936,241924,False
-16902,241866,-16880,241890,True
-15090,241914,-15076,241928,True
-29240,241664,-29224,241680,True
-28684,241822,-28670,241834,True
-26546,241724,-26538,241734,True
-23654,241710,-23636,241726,True
-23464,241696,-23454,241704,True
-17018,241742,-17004,241754,True
-29998,241664,-29984,241686,False
-29578,241612,-29550,241638,False
-29186,241574,-29174,241586,True
-19484,241660,-19474,241668,True
-18164,241700,-18148,241712,False
-14146,241612,-14132,241624,True
-27132,241888,-27122,241898,True
-27128,241306,-27100,241336,False
-18110,241316,-18096,241334,True
-17698,241338,-17682,241352,False
-15902,241340,-15890,241352,False
-14556,241392,-14548,241400,True
-26032,241208,-26016,241222,False
-24398,241156,-24376,241184,True
-18134,241256,-18126,241264,False
-15298,241226,-15284,241238,True
-27366,241122,-27352,241136,True
-24356,241150,-24346,241160,True
-23600,241114,-23572,241140,True
-18050,241088,-18042,241096,False
-17634,241150,-17612,241170,True
-15718,241080,-15702,241096,False
-15480,241088,-15464,241102,True
-25794,241026,-25788,241032,False
-25734,240926,-25724,240938,True
-24024,240770,-24014,240780,False
-23650,240808,-23640,240818,True
-18060,240870,-18050,240880,True
-18892,240752,-18878,240764,True
-29894,240566,-29882,240580,False
-24014,240512,-23992,240534,-1
-23958,240620,-23946,240632,True
-23612,240538,-23600,240552,True
-19168,240556,-19154,240570,True
-16062,240564,-16048,240580,False
-18392,240356,-18382,240368,False
-16752,240316,-16742,240328,False
-26890,240256,-26880,240266,True
-23684,240172,-23678,240178,False
-16776,240154,-16764,240168,False
-15688,240214,-15670,240240,False
-29576,240026,-29544,240060,False
-23550,240034,-23518,240058,-1
-26946,239968,-26928,239990,True
-23978,239946,-23970,239952,False
-19310,239998,-19296,240010,-1
-17968,239996,-17956,240008,-1
-16866,239882,-16846,239902,True
-28126,239780,-28112,239794,-1
-27054,239794,-27042,239808,-1
-22208,239744,-22194,239756,False
-21278,239746,-21268,239754,True
-23496,239650,-23472,239674,True
-21028,240232,-21018,240244,True
-14418,239632,-14408,239640,False
-25452,239544,-25444,239554,True
-24688,239496,-24680,239504,False
-15404,239520,-15390,239534,False
-23234,239472,-23218,239490,False
-17566,239426,-17538,239458,False
-25174,239258,-25162,239270,True
-22258,239314,-22248,239322,False
-20218,239250,-20210,239258,-1
-15300,239330,-15288,239344,True
-14106,239304,-14096,239314,-1
-25136,239172,-25110,239196,False
-18402,239126,-18392,239136,True
-16054,239156,-16044,239168,False
-29042,239082,-29030,239092,-1
-25622,239014,-25596,239040,True
-26888,238854,-26876,238864,False
-26792,238928,-26782,238936,False
-18482,238922,-18464,238940,True
-23362,238796,-23348,238810,False
-18170,238848,-18158,238860,True
-24030,238624,-24020,238632,True
-24038,238682,-24028,238692,True
-24034,238602,-24024,238610,True
-24000,238616,-23992,238624,True
-21494,238618,-21468,238642,False
-19096,238696,-19088,238704,True
-19078,238612,-19066,238624,False
-24046,238582,-24038,238592,False
-24052,238466,-24044,238474,False
-23578,238470,-23572,238474,False
-28794,238368,-28782,238378,True
-25154,238382,-25138,238398,True
-28464,238236,-28450,238248,False
-23756,238246,-23738,238264,True
-21182,238252,-21172,238262,False
-28520,238098,-28510,238108,True
-27292,238206,-27282,238214,True
-23850,238084,-23838,238096,True
-21298,238170,-21286,238180,False
-19668,238150,-19656,238160,True
-22874,238046,-22864,238054,True
-22200,238198,-22188,238208,False
-21262,238070,-21252,238078,False
-24930,237930,-24924,237936,False
-23108,237874,-23100,237882,False
-23118,237844,-23112,237850,False
-16248,237920,-16236,237934,False
-16190,238070,-16166,238100,False
-28310,237814,-28300,237824,True
-25324,237830,-25318,237836,False
-23600,237754,-23580,237778,True
-15706,237752,-15696,237762,False
-28324,237652,-28314,237660,False
-23304,237634,-23294,237644,True
-22308,237578,-22300,237586,True
-27980,237482,-27962,237502,True
-24622,237556,-24608,237572,True
-23958,237552,-23944,237566,False
-27576,237328,-27568,237334,False
-25604,237382,-25592,237392,True
-23600,237432,-23588,237442,True
-28234,237206,-28224,237214,True
-26818,237254,-26812,237260,False
-23102,237282,-23094,237290,True
-22852,237184,-22834,237200,True
-22288,237254,-22276,237266,False
-29370,237136,-29340,237164,True
-15754,237160,-15744,237170,False
-29038,236930,-29006,236956,False
-28510,236994,-28500,237004,True
-28224,236958,-28214,236968,False
-15826,237032,-15814,237046,True
-22700,236862,-22690,236872,True
-15368,236916,-15342,236938,False
-24388,236778,-24368,236800,True
-20098,236556,-20090,236564,False
-29170,236462,-29158,236474,False
-26238,236530,-26228,236538,False
-21490,236494,-21476,236506,True
-18756,236456,-18748,236462,False
-16404,236520,-16394,236528,False
-15666,236570,-15652,236586,True
-14580,236496,-14568,236506,False
-28984,236396,-28972,236408,False
-14812,236316,-14784,236342,False
-14634,236340,-14626,236348,True
-17776,236270,-17768,236280,True
-14776,236280,-14766,236288,True
-29234,236120,-29216,236134,-1
-29260,236034,-29250,236044,False
-28350,236032,-28336,236048,False
-28280,236158,-28254,236184,False
-23364,236116,-23344,236144,True
-17388,236046,-17378,236054,False
-15258,236098,-15242,236114,True
-29122,235936,-29114,235944,True
-23080,235944,-23068,235958,True
-22132,236018,-22124,236024,False
-15684,235996,-15672,236008,-1
-15666,236016,-15656,236022,True
-29048,235840,-29038,235848,True
-24284,235810,-24274,235818,True
-24172,235848,-24160,235856,True
-23348,235840,-23334,235852,True
-29392,235742,-29384,235750,False
-24400,235804,-24392,235812,True
-18026,235722,-18016,235732,True
-18724,235606,-18712,235616,True
-18172,235528,-18160,235540,False
-16254,235524,-16240,235536,True
-27802,235416,-27774,235444,True
-23786,235454,-23780,235460,False
-23466,235450,-23460,235456,False
-15670,235528,-15652,235544,False
-22574,235314,-22560,235328,True
-22582,235272,-22568,235292,-1
-27978,235138,-27960,235156,False
-14482,235136,-14470,235146,False
-25364,235066,-25338,235092,True
-23896,235136,-23888,235144,True
-16830,235010,-16816,235028,False
-23572,234952,-23562,234962,False
-23330,235492,-23296,235518,True
-16576,235004,-16562,235018,True
-25336,234894,-25328,234902,False
-18802,234810,-18796,234818,False
-18882,234798,-18868,234808,True
-14846,234812,-14836,234824,True
-14816,234798,-14806,234806,False
-27866,234698,-27858,234704,False
-23038,234750,-23026,234760,True
-22394,234980,-22380,234992,True
-19060,234740,-19048,234752,True
-18876,234764,-18862,234776,True
-17630,234668,-17618,234682,True
-29984,234412,-29974,234420,False
-23878,234112,-23866,234122,True
-20676,234204,-20666,234216,True
-19192,234180,-19180,234190,True
-19230,234148,-19216,234162,False
-29602,234028,-29596,234034,False
-26584,234076,-26570,234092,True
-15792,234184,-15782,234196,False
-20556,233910,-20544,233920,False
-19002,233800,-18986,233816,False
-24236,233712,-24228,233720,True
-20170,233754,-20160,233762,True
-18974,233674,-18960,233688,False
-15890,233726,-15874,233740,False
-15714,233664,-15706,233672,True
-15330,233674,-15320,233684,False
-15170,233580,-15154,233598,True
-14932,233580,-14920,233594,True
-15408,233530,-15398,233544,False
-21434,233410,-21422,233420,True
-18986,233476,-18976,233488,True
-17334,233470,-17324,233480,-1
-16690,233548,-16678,233560,False
-24306,233316,-24300,233322,False
-16968,233414,-16958,233422,True
-16828,233236,-16818,233248,False
-15410,233216,-15402,233224,False
-24256,232980,-24242,232996,True
-19834,233082,-19824,233092,False
-17474,233060,-17460,233072,True
-14824,233062,-14808,233078,True
-27208,232956,-27196,232970,-1
-27260,232960,-27250,232968,False
-27088,232866,-27072,232880,True
-27092,232896,-27070,232918,True
-21256,232926,-21246,232936,True
-20238,232944,-20228,232956,False
-15988,232840,-15976,232852,True
-15796,232868,-15784,232880,False
-15536,232832,-15520,232852,False
-16362,232840,-16350,232852,False
-14536,232818,-14516,232838,False
-21338,232648,-21320,232664,False
-16986,232622,-16976,232632,True
-17022,232614,-17010,232626,False
-16884,232674,-16872,232688,False
-15670,232634,-15648,232650,True
-14768,232576,-14754,232592,False
-14270,232700,-14258,232712,False
-26210,232556,-26194,232570,False
-20050,232524,-20042,232530,False
-18352,232450,-18326,232474,False
-21792,232462,-21784,232472,False
-21600,232364,-21586,232378,False
-21602,232384,-21586,232400,True
-21616,232346,-21600,232362,True
-21258,232434,-21244,232448,False
-21080,232346,-21072,232352,False
-15418,232432,-15406,232442,False
-29872,232266,-29862,232274,True
-22102,232318,-22088,232332,True
-21538,232224,-21530,232234,True
-21336,232276,-21326,232288,True
-21380,232250,-21368,232262,True
-21082,232290,-21074,232300,True
-19280,232232,-19272,232240,True
-18526,232192,-18516,232204,True
-26880,232128,-26872,232136,True
-18314,232128,-18292,232148,False
-14586,232110,-14572,232126,True
-27752,232028,-27738,232040,False
-18398,232020,-18390,232026,False
-15530,232038,-15520,232048,False
-14700,232096,-14692,232104,False
-27752,231850,-27732,231872,True
-24754,231766,-24744,231774,True
-29674,231622,-29660,231636,False
-28106,231292,-28080,231316,False
-24650,231196,-24640,231206,False
-28032,231160,-28008,231192,False
-26820,231046,-26808,231056,False
-28828,231008,-28802,231026,True
-28234,230940,-28216,230958,True
-27568,231020,-27546,231044,False
-29834,230866,-29826,230874,-1
-28180,230814,-28164,230828,True
-28488,230778,-28472,230794,True
-28314,230758,-28304,230766,True
-28310,230732,-28298,230744,False
-26920,230668,-26910,230678,False
-26914,230586,-26904,230594,False
-28434,230502,-28424,230510,True
-28690,230366,-28676,230378,False
-28570,230294,-28560,230304,True
-27392,230358,-27382,230368,False
-26694,230346,-26680,230360,True
-26020,230228,-26010,230236,False
-27198,230034,-27186,230042,True
-26512,230016,-26498,230026,False
-26378,230080,-26366,230090,False
-29802,229782,-29784,229802,False
-28248,229768,-28226,229784,True
-27616,229880,-27608,229888,True
-27682,229836,-27670,229848,True
-29710,229634,-29700,229644,True
-29640,229652,-29626,229666,False
-28740,229778,-28730,229786,False
-28346,229634,-28334,229642,True
-28226,229654,-28208,229670,True
-28264,229718,-28248,229732,True
-28414,229596,-28402,229610,True
-28102,229632,-28084,229648,False
-27858,229438,-27846,229448,True
-29504,229344,-29482,229360,True
-27232,229324,-27220,229336,True
-26764,229316,-26756,229324,False
-29512,229386,-29504,229394,False
-27292,229142,-27278,229156,True
-27266,229170,-27250,229186,False
-27314,229202,-27302,229214,False
-26544,229242,-26530,229256,True
-28540,229048,-28524,229062,True
-26902,229110,-26886,229124,False
-26838,229060,-26828,229072,False
-27194,228988,-27180,229000,False
-29770,228780,-29756,228792,True
-28874,228786,-28860,228802,False
-26890,228760,-26880,228772,False
-26578,228824,-26564,228836,True
-26014,228834,-26002,228846,False
-29604,228682,-29588,228698,True
-27102,228696,-27082,228716,True
-29098,228536,-29086,228546,False
-28194,228584,-28184,228592,False
-29366,228474,-29356,228482,False
-28020,228460,-28010,228472,True
-26874,228436,-26860,228454,False
-26866,228476,-26854,228484,False
-29708,228228,-29698,228240,True
-29898,228266,-29884,228280,False
-27670,228844,-27658,228854,False
-29652,228198,-29644,228206,False
-27836,228014,-27826,228024,True
