-45380,259446,-45370,259456,True
-45406,259684,-45388,259704,True
-45328,259450,-45300,259474,False
-45086,259536,-45078,259544,False
-44910,259332,-44900,259342,False
-46006,258988,-45994,259004,-1
-45514,259082,-45500,259096,False
-46422,258908,-46412,258920,False
-46204,258886,-46192,258896,False
-47388,258882,-47378,258894,True
-45530,258846,-45504,258872,True
-47098,258652,-47066,258680,False
-46668,258636,-46638,258666,False
-46486,258660,-46450,258694,True
-45534,258694,-45524,258704,False
-47064,258598,-47054,258608,True
-46982,258568,-46970,258580,False
-45580,258562,-45552,258588,True
-44984,258544,-44968,258564,False
-47470,258358,-47458,258368,True
-47522,258350,-47512,258360,True
-47082,258298,-47070,258308,True
-46960,258280,-46950,258288,True
-46938,258328,-46922,258344,True
-46850,258344,-46842,258352,False
-46728,258224,-46720,258232,True
-44076,258228,-44066,258240,True
-44464,258224,-44452,258236,True
-46618,257996,-46610,258004,-1
-47670,257972,-47660,257984,True
-46508,257920,-46498,257932,True
-49972,257718,-49962,257728,False
-48010,257778,-48000,257788,-1
-47288,257772,-47276,257782,True
-47310,257802,-47300,257810,False
-47344,257850,-47324,257872,False
-44682,257792,-44674,257798,True
-45674,257652,-45664,257660,True
-47328,257594,-47316,257606,True
-44838,257494,-44828,257504,True
-49898,257360,-49890,257370,False
-47428,257356,-47416,257370,True
-46072,257196,-46060,257208,True
-45636,257126,-45626,257136,True
-44402,257084,-44390,257098,-1
-49124,256990,-49116,256998,True
-48504,257038,-48494,257048,-1
-49924,256898,-49908,256912,True
-49074,256894,-49064,256904,False
-45502,256862,-45484,256884,False
-45790,256778,-45774,256792,False
-45612,256682,-45596,256698,True
-45038,256730,-45030,256738,True
-45104,256608,-45082,256628,False
-47332,256428,-47312,256448,False
-46874,256456,-46852,256474,True
-46170,256458,-46160,256466,False
-46082,256416,-46068,256430,True
-45040,256558,-45030,256568,True
-48846,256296,-48830,256308,True
-46874,256412,-46846,256432,True
-46712,256312,-46700,256324,True
-45604,256322,-45596,256328,False
-44246,256384,-44234,256394,False
-47996,256182,-47980,256200,True
-46036,256262,-46026,256270,False
-44024,256248,-44014,256258,-1
-48528,256038,-48516,256052,True
-48166,256126,-48156,256136,True
-48186,256052,-48172,256066,False
-47056,256080,-47046,256092,False
-50836,255968,-50824,255980,True
-47588,255928,-47580,255936,False
-47722,255950,-47710,255964,False
-44144,255922,-44136,255928,True
-51038,255842,-51026,255850,False
-50454,255776,-50442,255788,True
-46494,255814,-46482,255824,True
-45858,255896,-45834,255920,False
-45014,255848,-45002,255860,False
-50788,255732,-50778,255742,False
-48270,255770,-48260,255778,True
-45694,255744,-45680,255754,True
-45222,255700,-45210,255714,True
-45008,255734,-44994,255748,True
-51196,255742,-51186,255752,True
-47458,255542,-47450,255548,False
-47408,255568,-47396,255578,True
-45388,255608,-45370,255624,True
-51048,255486,-51042,255492,False
-49068,255472,-49054,255486,True
-47496,255446,-47484,255458,True
-45598,255450,-45588,255458,True
-44210,255434,-44198,255448,True
-48916,255304,-48906,255314,False
-48574,255382,-48564,255392,True
-46026,255378,-46012,255390,False
-45496,255282,-45464,255310,False
-50220,255214,-50194,255246,False
-49996,255190,-49984,255202,False
-48110,255162,-48080,255190,False
-47498,255260,-47484,255272,False
-44432,255136,-44420,255146,False
-44062,255174,-44048,255186,True
-46658,255138,-46632,255162,True
-44918,255008,-44906,255030,False
-44662,255124,-44650,255140,False
-49612,254960,-49600,254970,False
-48746,254906,-48714,254934,True
-51994,254760,-51982,254770,-1
-48370,254832,-48356,254844,True
-45676,254752,-45658,254768,False
-51622,254710,-51602,254728,False
-51334,254514,-51322,254528,False
-45566,254396,-45554,254406,True
-51306,254372,-51290,254392,False
-50396,254324,-50382,254338,True
-49152,254330,-49122,254360,-1
-49106,254336,-49084,254352,False
-45246,254350,-45238,254360,True
-51278,254116,-51264,254132,-1
-49010,254210,-49002,254216,False
-48362,254208,-48350,254224,False
-45950,254164,-45944,254170,False
-51918,254112,-51910,254120,True
-47452,254056,-47440,254068,False
-46390,253980,-46376,253992,True
-51794,253646,-51764,253674,True
-46680,253648,-46668,253660,True
-50452,253590,-50428,253614,True
-50388,253472,-50374,253484,False
-44936,253344,-44898,253376,False
-50264,253398,-50254,253406,True
-50496,253196,-50470,253224,True
-45828,253006,-45816,253018,True
-50660,252900,-50636,252926,False
-48532,252872,-48518,252888,True
-51550,252818,-51528,252842,False
-46688,252804,-46678,252816,True
-46598,252808,-46588,252818,True
-50388,252566,-50378,252574,True
-50694,252262,-50666,252290,True
-49002,252260,-48984,252282,-1
-51724,252174,-51706,252194,-1
-49312,251982,-49288,252002,-1
-52868,251880,-52858,251888,True
-51050,251826,-51036,251840,True
-51388,251582,-51370,251600,False
-54948,251568,-54938,251576,False
-53102,251534,-53092,251544,False
-48618,251424,-48604,251436,False
-52050,251308,-52040,251320,False
-49674,251416,-49660,251432,False
-44326,251388,-44314,251402,True
-52074,251266,-52062,251282,False
-54222,251128,-54194,251148,True
-49000,251144,-48988,251158,False
-46136,251078,-46124,251092,False
-45906,251186,-45896,251194,True
-52896,250788,-52884,250800,False
-45898,250898,-45890,250908,True
-55564,250720,-55544,250744,True
-55282,250748,-55272,250756,False
-51584,250662,-51572,250674,True
-55034,250662,-55014,250684,True
-54536,250566,-54522,250576,True
-52090,250608,-52076,250620,-1
-44674,250668,-44660,250680,True
-51924,250400,-51906,250418,-1
-44916,251024,-44902,251038,False
-55576,250272,-55558,250284,True
-47798,250326,-47778,250346,False
-55730,250168,-55722,250178,-1
-55574,250196,-55566,250204,True
-55030,250230,-55018,250242,-1
-47984,250238,-47970,250252,True
-47628,250184,-47620,250192,True
-45690,250114,-45680,250122,True
-45604,250118,-45590,250130,False
-45416,250098,-45402,250116,-1
-52714,250508,-52696,250526,-1
-56796,249770,-56774,249790,False
-47202,249764,-47192,249776,True
-57774,249718,-57756,249734,True
-56530,249718,-56520,249728,True
-55436,249672,-55426,249682,True
-57412,249620,-57404,249626,True
-56616,249570,-56604,249580,-1
-55612,249618,-55594,249636,True
-54466,249438,-54456,249446,False
-47804,249494,-47794,249502,False
-47340,249382,-47330,249390,True
-57860,249430,-57846,249448,True
-47248,249376,-47238,249386,True
-57316,249202,-57302,249216,True
-54584,249178,-54560,249198,-1
-50644,249042,-50622,249066,True
-47854,249092,-47838,249106,True
-57864,248908,-57848,248926,True
-57888,248968,-57870,248988,True
-57854,248954,-57842,248968,True
-57836,248984,-57812,249006,True
-54350,249488,-54342,249496,False
-51058,248882,-51040,248902,False
-47862,248968,-47850,248982,True
-46892,248922,-46878,248936,False
-45982,248948,-45972,248960,False
-44532,248954,-44508,248976,True
-57810,248784,-57798,248796,True
-57768,248774,-57756,248788,True
-57830,248874,-57818,248886,True
-47366,248792,-47354,248804,False
-57850,248694,-57840,248704,True
-54848,248608,-54834,248618,False
-50998,248746,-50986,248758,False
-55736,248484,-55706,248516,-1
-54762,249092,-54738,249116,True
-45834,248354,-45812,248372,False
-47572,248010,-47546,248034,False
-59352,247952,-59340,247966,True
-50516,247916,-50504,247926,False
-48380,247864,-48364,247886,False
-54506,247828,-54498,247840,True
-52854,247698,-52842,247710,True
-59236,247498,-59218,247516,-1
-45640,247502,-45624,247522,False
-53928,247246,-53916,247262,True
-53482,247256,-53468,247272,True
-46756,247272,-46746,247286,False
-56058,247148,-56042,247164,False
-59330,247042,-59300,247064,-1
-54728,247002,-54714,247018,False
-47388,247084,-47372,247100,False
-50426,246810,-50414,246824,True
-59574,247182,-59556,247196,-1
-59590,246446,-59568,246470,-1
-55170,246542,-55158,246552,True
-51660,246578,-51648,246588,False
-47120,246550,-47108,246564,False
-59576,246384,-59556,246404,-1
-57158,246326,-57144,246338,False
-45256,246360,-45230,246388,False
-59766,246192,-59758,246200,True
-59590,246300,-59572,246318,-1
-57850,246204,-57838,246216,True
-46584,246284,-46572,246294,True
-56402,246068,-56378,246090,False
-55042,246158,-55034,246168,True
-48956,246058,-48944,246070,False
-47864,246048,-47850,246066,False
-47960,246110,-47946,246126,False
-59564,246532,-59536,246560,-1
-58516,246010,-58506,246020,True
-45944,246034,-45930,246056,False
-60412,245898,-60380,245930,False
-59728,245896,-59704,245920,-1
-54672,245826,-54658,245840,False
-58392,245722,-58378,245740,True
-58408,245692,-58396,245704,True
-58404,245636,-58374,245666,True
-58454,245540,-58446,245546,True
-60920,245520,-60910,245530,True
-50940,245528,-50930,245536,True
-58694,245362,-58684,245370,False
-56682,245194,-56672,245204,False
-55734,245024,-55716,245038,False
-55658,245108,-55642,245128,False
-55146,245040,-55136,245048,False
-54624,245162,-54612,245174,False
-52312,244956,-52298,244968,False
-61330,244784,-61320,244794,True
-60088,244870,-60062,244892,-1
-56472,244854,-56460,244864,True
-60100,244764,-60084,244782,False
-55934,244640,-55920,244654,False
-60190,244516,-60170,244532,False
-59086,244612,-59050,244640,True
-55742,244666,-55734,244674,True
-52342,244570,-52332,244580,False
-51138,244634,-51124,244646,False
-49372,244512,-49356,244524,True
-59182,244492,-59172,244502,True
-57756,244534,-57746,244544,True
-57800,244414,-57790,244422,True
-53426,244506,-53410,244520,False
-46086,244436,-46074,244448,True
-45638,244384,-45620,244400,True
-44916,244472,-44906,244482,True
-58696,244456,-58688,244466,True
-56776,244304,-56768,244312,False
-53028,244308,-53020,244316,True
-49128,244360,-49118,244370,-1
-47532,244284,-47520,244296,False
-59556,244306,-59544,244320,False
-59206,244156,-59196,244168,True
-57030,244244,-57022,244250,False
-52742,244216,-52724,244230,True
-46332,244218,-46320,244234,False
-59724,244092,-59708,244110,-1
-59288,244068,-59278,244080,True
-56868,244106,-56852,244124,False
-56840,244044,-56828,244056,False
-50812,244018,-50796,244034,False
-50508,244112,-50496,244122,True
-47372,244040,-47362,244050,False
-46138,244146,-46130,244152,False
-59426,243978,-59416,243988,True
-46504,243940,-46492,243950,False
-59686,243772,-59674,243782,True
-52186,243720,-52170,243738,False
-50858,243726,-50842,243742,False
-60584,243522,-60570,243538,False
-50796,243504,-50784,243514,True
-46018,243564,-46006,243576,True
-60962,243396,-60950,243410,True
-57194,243974,-57176,244000,-1
-50948,243482,-50938,243492,True
-60004,243288,-59992,243298,-1
-51462,243350,-51452,243360,False
-51416,243356,-51404,243366,False
-59542,243114,-59532,243122,True
-52472,243196,-52460,243208,True
-50540,243138,-50524,243154,False
-60116,243016,-60104,243028,True
-60020,242888,-60012,242896,False
-56872,242960,-56862,242968,True
-55482,242936,-55472,242946,False
-55258,242892,-55244,242906,False
-51392,242850,-51380,242862,True
-50938,242848,-50924,242860,True
-60466,242730,-60446,242750,False
-60024,242858,-60010,242872,True
-59980,242762,-59964,242778,False
-53804,242780,-53790,242792,False
-60428,242624,-60404,242648,False
-51900,242642,-51862,242672,True
-48252,242600,-48234,242616,False
-47500,242604,-47488,242614,True
-50932,242520,-50922,242530,False
-50958,242494,-50950,242502,True
-60974,242438,-60946,242466,-1
-58216,242338,-58192,242358,True
-61036,242284,-61008,242316,True
-56462,242232,-56444,242248,-1
-55326,242328,-55314,242340,False
-53334,242232,-53310,242254,True
-47618,242130,-47608,242140,True
-58482,241976,-58474,241984,False
-57980,242012,-57966,242028,True
-46480,242046,-46466,242058,True
-46420,241954,-46406,241966,True
-54480,241836,-54462,241856,False
-45604,241934,-45594,241944,False
-55222,241806,-55208,241820,True
-61546,241690,-61538,241696,False
-58488,241704,-58472,241722,False
-53216,241638,-53202,241648,True
-52984,241550,-52972,241560,True
-48084,241596,-48072,241610,False
-47072,241516,-47060,241528,True
-58006,241420,-57994,241432,-1
-46752,241434,-46740,241444,True
-46774,241328,-46762,241342,True
-54596,241234,-54584,241248,True
-46876,241262,-46866,241272,True
-46858,241292,-46846,241306,True
-46430,241290,-46414,241304,False
-46188,241338,-46176,241348,False
-46570,241182,-46560,241192,True
-48806,240974,-48788,240990,False
-58092,240928,-58080,240936,False
-53208,240838,-53196,240852,False
-49482,240772,-49468,240786,True
-47734,240746,-47722,240760,True
-47662,240744,-47648,240756,True
-57886,240612,-57866,240636,True
-54790,240544,-54746,240578,False
-53168,240548,-53148,240564,False
-49116,240664,-49102,240674,True
-47082,240848,-47068,240862,False
-53158,240516,-53140,240530,True
-47682,240450,-47670,240462,True
-44602,240470,-44584,240488,False
-61496,240408,-61482,240420,False
-56180,240206,-56170,240216,False
-46064,240240,-46052,240248,True
-57862,240656,-57850,240666,True
-45816,240048,-45804,240058,True
-45422,240112,-45412,240122,True
-56952,239906,-56938,239922,False
-56206,240012,-56196,240024,True
-55946,239980,-55932,239996,False
-57378,240392,-57360,240408,True
-61168,239700,-61152,239714,True
-45518,239722,-45500,239740,False
-61364,239640,-61352,239650,False
-60454,239622,-60436,239638,False
-55444,239546,-55432,239556,False
-45324,239602,-45314,239612,False
-45088,239582,-45072,239600,True
-57450,239440,-57432,239460,True
-49722,239436,-49708,239446,True
-48702,239466,-48684,239482,True
-48260,239414,-48250,239424,False
-47944,239518,-47930,239534,False
-48980,239308,-48964,239322,False
-55034,239096,-55022,239108,True
-48764,239136,-48744,239158,True
-48376,239056,-48364,239066,False
-61626,239000,-61618,239008,True
-58626,238938,-58610,238952,-1
-56942,238980,-56922,239002,True
-56798,239002,-56788,239014,True
-56212,239036,-56196,239050,False
-55206,238936,-55196,238944,True
-48106,238988,-48094,239000,True
-47932,238882,-47922,238890,True
-49402,238756,-49386,238774,False
-48984,238870,-48972,238882,False
-46630,238864,-46614,238878,False
-60420,238742,-60406,238754,True
-47750,238628,-47738,238638,True
-48552,238586,-48538,238602,True
-46558,238576,-46546,238586,False
-60832,238464,-60814,238484,True
-59626,238418,-59596,238446,-1
-46974,238368,-46954,238384,False
-59112,238296,-59102,238308,True
-46136,238250,-46122,238266,False
-60384,238194,-60372,238204,False
-58800,238206,-58786,238218,False
-55972,238172,-55962,238182,-1
-46724,238168,-46714,238180,True
-44316,238172,-44292,238196,True
-60038,238032,-60026,238044,True
-50282,237974,-50274,237984,True
-60580,237780,-60568,237792,False
-60080,237838,-60052,237866,False
-59046,237788,-59034,237800,True
-52958,237798,-52950,237806,True
-47340,237744,-47330,237754,True
-46756,237844,-46740,237858,False
-59826,237606,-59816,237616,True
-48280,237600,-48268,237612,-1
-47596,237690,-47578,237708,True
-46726,237544,-46714,237556,True
-46364,237574,-46348,237592,False
-60472,237448,-60458,237464,True
-60244,237432,-60224,237456,True
-60228,237376,-60200,237404,False
-59696,237432,-59682,237442,True
-46582,237406,-46572,237416,True
-55658,237834,-55640,237854,False
-48618,237836,-48594,237856,-1
-47246,237290,-47234,237304,True
-48216,237110,-48202,237122,True
-58874,236962,-58858,236982,False
-55618,237090,-55610,237096,False
-55604,237024,-55574,237052,True
-52986,236970,-52970,236988,False
-47082,236978,-47074,236984,True
-46792,237078,-46764,237104,True
-46848,236832,-46838,236840,True
-60718,236818,-60696,236842,True
-59370,236796,-59354,236816,-1
-53262,236738,-53244,236756,True
-48360,237328,-48348,237340,False
-46902,236824,-46882,236846,True
-47338,236604,-47324,236620,False
-61460,236530,-61448,236540,True
-60900,236560,-60890,236570,-1
-58232,236514,-58218,236528,False
-44534,236396,-44518,236412,False
-58490,236270,-58476,236286,False
-52842,236250,-52836,236256,False
-52766,236296,-52754,236308,-1
-49686,236258,-49668,236274,True
-61728,236148,-61714,236160,-1
-58526,236106,-58514,236122,True
-58498,236080,-58482,236096,False
-45226,236150,-45216,236160,True
-49404,235856,-49396,235862,False
-45278,235832,-45244,235856,-1
-45158,235918,-45144,235934,False
-61028,236168,-60998,236188,True
-53914,235424,-53882,235448,False
-57992,235298,-57976,235310,False
-57664,235236,-57648,235250,True
-57916,235074,-57906,235084,True
-60872,235020,-60844,235046,True
-57472,234956,-57460,234966,True
-53556,234946,-53544,234960,False
-49544,235002,-49530,235014,-1
-60914,234804,-60906,234812,True
-57414,234868,-57400,234884,True
-51988,234786,-51974,234800,False
-57758,234686,-57748,234694,True
-45416,234698,-45404,234710,False
-44766,234712,-44756,234724,False
-44522,234728,-44514,234736,True
-57644,234576,-57626,234594,True
-57276,234564,-57264,234576,False
-46052,234594,-46044,234602,False
-60126,234434,-60094,234466,True
-57944,234432,-57934,234444,True
-57576,234446,-57554,234466,False
-57988,234390,-57972,234404,False
-56408,234312,-56394,234324,True
-56938,234892,-56914,234912,True
-45176,234286,-45148,234316,False
-60352,234270,-60344,234278,True
-57932,234170,-57912,234188,False
-56780,234252,-56766,234264,True
-56688,234204,-56666,234228,False
-46276,234142,-46238,234168,-1
-60908,233912,-60888,233932,-1
-46058,234004,-46038,234024,False
-59370,233760,-59352,233776,False
-58608,233842,-58584,233862,False
-57404,233798,-57392,233810,True
-57348,233854,-57336,233866,True
-56836,233868,-56812,233888,False
-55780,233812,-55768,233826,False
-51168,233814,-51144,233842,-1
-60688,233754,-60672,233768,False
-56584,233656,-56562,233676,False
-57242,233556,-57228,233572,True
-56106,233542,-56090,233556,True
-56946,233428,-56930,233446,False
-56038,233438,-56028,233448,True
-51350,233626,-51322,233656,True
-44946,233402,-44914,233428,False
-60592,233372,-60578,233388,True
-57236,233290,-57208,233316,False
-52248,233306,-52216,233332,True
-44428,233140,-44402,233172,False
-56404,233294,-56388,233310,False
-50414,232900,-50396,232922,True
-61276,232842,-61266,232852,True
-61546,232826,-61532,232844,-1
-57084,232818,-57068,232832,True
-61634,232708,-61620,232718,-1
-44368,232628,-44356,232640,True
-59882,233102,-59866,233118,True
-56724,232510,-56704,232526,True
-44486,232528,-44478,232534,True
-44266,233108,-44256,233120,False
-57624,232360,-57610,232374,False
-56858,232490,-56848,232496,True
-51266,232476,-51248,232494,False
-58300,232284,-58288,232294,True
-57154,232842,-57144,232852,False
-57164,232268,-57156,232276,False
-56934,232310,-56924,232320,True
-56720,232316,-56708,232328,True
-46472,232258,-46442,232290,False
-45890,232224,-45874,232244,False
-45752,232278,-45740,232288,-1
-46186,232272,-46172,232288,False
-44048,232342,-44036,232352,True
-61214,232218,-61204,232228,True
-60014,232190,-59990,232218,-1
-57040,232220,-57030,232230,True
-51932,232180,-51920,232192,False
-47302,232194,-47292,232202,True
-58870,232028,-58860,232038,True
-57390,232074,-57380,232080,False
-56510,232032,-56500,232042,False
-58090,231868,-58076,231878,False
-57826,231936,-57818,231944,True
-56884,231892,-56874,231902,False
-56524,231956,-56512,231968,True
-44572,231890,-44556,231908,True
-56306,231736,-56300,231744,True
-55946,231796,-55926,231822,True
-50300,231744,-50284,231760,False
-46098,231830,-46088,231842,False
-44750,231794,-44740,231802,True
-61772,231698,-61760,231710,True
-58136,231584,-58106,231606,False
-58068,231632,-58056,231644,True
-57864,231670,-57852,231680,True
-57360,231642,-57348,231658,False
-56988,231632,-56978,231644,True
-56410,231606,-56398,231616,True
-49230,231634,-49212,231648,False
-57832,231620,-57818,231634,False
-56532,231546,-56506,231570,True
-46824,231468,-46812,231484,True
-44892,231462,-44872,231480,True
-60664,231364,-60650,231378,False
-59268,231536,-59252,231554,False
-51874,231448,-51852,231468,-1
-47522,231418,-47506,231434,True
-47086,231370,-47072,231386,True
-49098,231272,-49076,231292,False
-48080,231226,-48068,231236,True
-46806,231282,-46778,231310,True
-46162,231300,-46146,231314,-1
-59458,231176,-59444,231186,True
-59452,231144,-59434,231162,False
-56794,231162,-56770,231182,False
-47132,231250,-47122,231258,False
-61460,230960,-61450,230970,False
-60994,230962,-60982,230974,True
-57186,231070,-57178,231078,False
-44304,231082,-44296,231090,True
-61966,230934,-61950,230948,True
-61002,230894,-60994,230902,True
-56536,230932,-56524,230944,True
-47982,230932,-47954,230958,False
-46674,230888,-46642,230916,False
-61630,230958,-61620,230966,False
-60888,230752,-60870,230768,False
-48118,230726,-48106,230740,True
-44014,230804,-44006,230810,False
-61710,230610,-61702,230618,True
-61088,230580,-61080,230588,False
-58548,230698,-58536,230710,False
-48614,230670,-48606,230680,False
-56392,231048,-56380,231064,False
-62006,230430,-61996,230440,-1
-61724,230450,-61714,230460,False
-61156,230372,-61124,230406,-1
-59304,230404,-59292,230414,False
-58384,230412,-58372,230424,False
-45370,230352,-45362,230360,False
-45008,230330,-44986,230352,False
-61724,230792,-61708,230808,True
-61522,230258,-61514,230264,False
-56968,230176,-56952,230190,False
-55740,230322,-55732,230328,-1
-53290,230296,-53278,230308,True
-49660,230286,-49650,230296,False
-48884,230298,-48852,230332,True
-46478,230218,-46466,230234,True
-46432,230296,-46410,230316,False
-46052,230230,-46042,230240,True
-45204,230284,-45196,230292,True
-44524,230210,-44514,230222,-1
-44290,230248,-44280,230256,True
-59808,230152,-59794,230166,False
-44568,230160,-44556,230170,True
-56528,230016,-56514,230032,True
-50140,230036,-50128,230048,True
-47396,229978,-47386,229986,-1
-45814,229992,-45804,229998,True
-45628,230000,-45616,230012,True
-53184,229792,-53154,229816,True
-52956,229878,-52936,229902,False
-45666,229890,-45660,229896,False
-45802,229806,-45776,229828,True
-44786,229912,-44774,229926,False
-61714,229698,-61702,229714,True
-61654,229830,-61646,229838,True
-60930,229712,-60920,229718,True
-54052,229760,-54046,229766,False
-52714,229776,-52700,229792,False
-45094,229730,-45074,229750,True
-60718,229646,-60708,229656,True
-59934,229540,-59922,229552,True
-55204,229538,-55188,229550,True
-49124,229648,-49114,229656,True
-46730,229568,-46718,229580,-1
-46570,229574,-46562,229582,False
-53802,229548,-53790,229558,False
-52902,229460,-52880,229476,True
-50472,229482,-50458,229496,True
-49420,229454,-49412,229462,False
-45976,229538,-45964,229552,False
-45416,229528,-45406,229538,True
-61580,229312,-61570,229320,True
-51326,229340,-51316,229352,False
-50426,229398,-50414,229408,False
-44456,229322,-44432,229344,-1
-61542,229210,-61534,229218,True
-50938,229192,-50922,229210,True
-44486,229248,-44448,229278,-1
-58496,229194,-58482,229208,False
-57432,229138,-57418,229152,False
-46170,229648,-46156,229660,False
-44836,229048,-44822,229062,-1
-60532,229010,-60496,229044,False
-52724,228974,-52716,228984,True
-52638,229022,-52628,229032,False
-51740,228950,-51728,228962,False
-51532,229016,-51514,229034,False
-51324,228964,-51308,228978,True
-44412,228934,-44396,228950,True
-61372,228772,-61366,228778,False
-61078,228894,-61058,228912,False
-60506,228864,-60474,228894,True
-54634,228820,-54620,228836,True
-49434,228894,-49428,228900,False
-48524,228790,-48516,228798,True
-47386,228844,-47360,228864,False
-47088,228826,-47066,228850,True
-46116,228830,-46106,228840,True
-46148,228810,-46132,228824,True
-45840,228888,-45822,228910,False
-44088,228898,-44076,228910,True
-60968,228758,-60946,228782,False
-53530,228748,-53520,228758,True
-51636,228728,-51622,228740,False
-48538,228688,-48508,228712,True
-47718,228672,-47704,228684,True
-47142,228690,-47132,228702,-1
-46984,228732,-46972,228744,False
-61348,228586,-61340,228594,False
-61416,228638,-61406,228646,False
-60796,228526,-60784,228538,True
-60456,228506,-60438,228522,True
-49548,228408,-49534,228422,-1
-47430,228390,-47414,228404,False
-47256,228412,-47246,228424,-1
-46116,228510,-46106,228520,False
-45704,228398,-45690,228410,False
-45666,228386,-45656,228396,-1
-44972,228438,-44960,228450,True
-54906,228312,-54890,228330,-1
-53786,228342,-53774,228356,False
-56042,228754,-56028,228768,False
-53752,228204,-53738,228218,True
-53360,228180,-53346,228194,True
-49038,228158,-49012,228182,-1
-48652,228218,-48642,228226,True
-45048,228164,-45036,228178,True
-53722,228026,-53712,228036,False
-46984,228072,-46974,228080,True
-46518,228012,-46494,228034,False
-45348,228128,-45336,228140,False
-45246,228102,-45234,228112,True
-45034,228090,-45024,228104,True
-61060,227966,-61050,227976,False
-57088,227890,-57064,227914,False
-54980,227960,-54968,227968,True
-53790,227946,-53780,227954,True
-53308,227982,-53300,227992,True
-53356,227990,-53346,228000,-1
-49932,227934,-49912,227954,True
-49082,227978,-49068,227990,False
-49066,227992,-49052,228006,-1
-47862,227912,-47838,227934,-1
-45548,227912,-45534,227928,False
-44482,227986,-44468,227998,True
-56940,227844,-56932,227850,False
-50046,228364,-50030,228376,False
-50060,227754,-50026,227790,True
-48288,227800,-48274,227812,True
-48090,227772,-48074,227786,True
-46774,227778,-46762,227792,False
-46554,227788,-46546,227796,True
-46260,227814,-46248,227824,True
-45920,227762,-45908,227772,True
-45736,227796,-45716,227808,True
-44516,227822,-44508,227832,False
-44170,227830,-44160,227840,False
-60878,227684,-60866,227694,True
-58398,227664,-58384,227678,True
-46422,227662,-46408,227678,False
-46496,227636,-46484,227648,True
-46402,227700,-46392,227712,-1
-45000,227748,-44970,227780,True
-44440,227666,-44418,227690,False
-44486,227686,-44460,227710,False
-44508,227706,-44498,227718,False
-60898,227546,-60888,227558,True
-59744,227490,-59730,227504,True
-53374,227576,-53362,227586,True
-46476,227544,-46466,227552,-1
-60202,227438,-60188,227454,False
-58434,227428,-58420,227448,True
-56062,227430,-56052,227438,True
-54394,227460,-54370,227478,True
-47408,227460,-47394,227472,False
-45774,227390,-45742,227422,-1
-59990,227336,-59966,227358,False
-57260,227310,-57250,227320,True
-49296,227356,-49270,227382,True
-49020,227264,-48994,227286,False
-48572,227304,-48562,227314,True
-47692,227246,-47682,227256,False
-46690,227346,-46684,227352,False
-46038,227244,-46008,227272,False
-45916,227234,-45900,227250,True
-59924,227154,-59914,227162,True
-55414,227106,-55402,227122,True
-53940,227112,-53930,227120,True
-53000,227124,-52976,227148,True
-52510,227176,-52494,227192,True
-46288,227154,-46268,227174,True
-45702,227198,-45692,227210,False
-45126,227200,-45118,227210,False
-56480,227082,-56466,227096,True
-55000,227096,-54978,227118,True
-53116,226998,-53106,227006,False
-49308,227056,-49298,227064,True
-49082,227050,-49070,227062,False
-47132,227066,-47122,227074,False
-46816,227072,-46802,227086,-1
-46518,227096,-46506,227106,False
-46260,227018,-46248,227034,-1
-54198,226900,-54190,226908,-1
-51764,226972,-51752,226984,True
-51796,226906,-51786,226914,True
-47298,226866,-47288,226874,True
-45300,226868,-45288,226878,True
-55296,226730,-55274,226754,True
-53126,226758,-53116,226768,True
-52818,226828,-52806,226840,True
-52598,226780,-52578,226800,True
-45504,226930,-45484,226948,True
-60352,226652,-60332,226668,-1
-52828,226638,-52816,226648,False
-51212,226640,-51182,226668,True
-51214,226594,-51206,226604,True
-50532,227220,-50522,227230,False
-49194,226650,-49182,226664,True
-47386,226626,-47374,226636,True
-47096,227212,-47084,227224,-1
-59708,226524,-59686,226544,False
-56988,226490,-56958,226518,True
-55634,226584,-55622,226598,True
-55042,226574,-54998,226610,-1
-53072,226496,-53048,226524,True
-50592,226498,-50564,226526,True
-46018,226646,-46008,226658,True
-57690,226412,-57672,226428,False
-57588,226454,-57570,226472,True
-57212,226426,-57204,226434,False
-52100,226454,-52088,226464,True
-47816,226374,-47804,226386,True
-47454,226444,-47442,226454,True
-46222,226470,-46206,226480,True
-57322,226302,-57288,226334,False
-54050,226234,-54026,226260,True
-53680,226302,-53658,226322,True
-51502,226242,-51492,226252,True
-51200,226312,-51174,226336,True
-50304,226228,-50294,226236,True
-50292,226210,-50282,226216,True
-49746,226330,-49734,226340,False
-48270,226292,-48258,226304,True
-60310,226176,-60296,226188,True
-57072,226204,-57048,226228,True
-56774,226116,-56744,226142,True
-56268,226108,-56254,226122,True
-53726,226114,-53716,226124,True
-51884,226116,-51848,226150,False
-51714,226192,-51704,226202,True
-51632,226120,-51622,226130,False
-48362,226166,-48352,226176,True
-47164,226138,-47156,226146,False
-47058,226158,-47046,226168,True
-57626,226064,-57592,226096,True
-57046,226060,-57020,226084,False
-56792,226044,-56770,226070,False
-51326,226030,-51306,226054,False
-56748,225948,-56720,225978,-1
-56686,225848,-56666,225868,True
-56278,225970,-56268,225978,True
-54934,225876,-54916,225892,True
-51052,225900,-51026,225920,False
-47474,225886,-47466,225894,False
-60170,225744,-60158,225756,-1
-52732,225718,-52724,225728,True
-50872,225778,-50848,225804,-1
-59934,225594,-59924,225602,True
-58574,225572,-58562,225582,False
-57066,225654,-57052,225668,True
-50680,225612,-50666,225628,False
-50272,225698,-50250,225726,-1
-48200,225570,-48192,225578,False
-47200,225576,-47164,225612,True
-45530,225568,-45516,225580,False
-59910,225492,-59900,225502,False
-59330,225442,-59316,225454,True
-59228,225550,-59204,225574,False
-59746,225410,-59736,225420,True
-59106,225418,-59078,225444,True
-59072,225392,-59046,225414,False
-58142,225426,-58118,225448,True
-57620,225318,-57594,225340,False
-57392,225350,-57370,225370,False
-51240,225316,-51226,225330,False
-58628,225238,-58608,225258,True
-58054,225184,-58034,225202,-1
-57920,225248,-57892,225276,True
-57966,225264,-57942,225290,False
-57674,225294,-57640,225320,False
-57358,225266,-57350,225274,True
-51674,225294,-51660,225310,-1
-51542,225256,-51534,225264,False
-51178,225308,-51168,225320,-1
-50490,225230,-50478,225242,False
-50794,225796,-50768,225822,-1
-49692,225212,-49680,225224,True
-59656,225090,-59644,225104,True
-59418,225120,-59406,225134,False
-57876,225138,-57864,225148,True
-57766,225162,-57756,225172,False
-57600,225300,-57576,225322,True
-55898,225140,-55886,225150,-1
-51638,225074,-51626,225088,True
-51508,225120,-51502,225126,False
-49732,225132,-49704,225152,True
-45306,225188,-45290,225200,-1
-59748,224978,-59740,224986,False
-59528,224928,-59498,224956,True
-58752,224984,-58732,225002,False
-58670,224990,-58652,225006,False
-58630,224992,-58612,225010,False
-58622,225012,-58598,225042,True
-58604,224956,-58588,224972,True
-58398,224952,-58374,224974,True
-57974,225046,-57954,225068,False
-57950,224984,-57930,225004,True
-57718,224944,-57698,224964,True
-57668,225040,-57658,225048,True
-51946,224968,-51938,224976,-1
-49942,224972,-49932,224982,False
-59080,224892,-59066,224904,False
-58752,224894,-58736,224910,False
-58064,224852,-58056,224860,True
-57968,224806,-57942,224838,False
-57936,224816,-57906,224848,True
-57800,224864,-57784,224880,False
-57806,224890,-57788,224904,True
-51882,224844,-51866,224858,True
-50934,224972,-50924,224982,-1
-50036,224908,-50024,224920,True
-48504,224876,-48490,224890,-1
-48122,225408,-48086,225440,-1
-47776,224920,-47764,224934,-1
-59254,224726,-59244,224736,True
-59368,224782,-59358,224790,True
-58566,224690,-58542,224712,True
-58384,224676,-58344,224710,False
-58368,224728,-58344,224754,-1
-58326,224700,-58296,224738,True
-57798,224732,-57770,224756,-1
-53738,224688,-53726,224706,False
-52102,224602,-52092,224612,True
-51894,224568,-51882,224578,True
-47796,224618,-47784,224628,False
-45524,224656,-45512,224668,False
-59322,224468,-59308,224482,True
-58756,225028,-58734,225056,True
-58336,224554,-58326,224562,True
-56882,224520,-56872,224528,True
-56590,224484,-56566,224506,True
-55366,224514,-55356,224524,True
-48670,224508,-48662,224516,False
-45548,224462,-45536,224474,-1
-44500,224592,-44488,224604,True
-56994,224378,-56978,224390,False
-56976,224352,-56968,224360,True
-52854,224330,-52846,224336,True
-52030,224416,-52022,224426,False
-45546,224908,-45536,224922,False
-59350,224194,-59328,224216,True
-56172,224168,-56164,224176,False
-51888,224160,-51876,224172,False
-51586,224242,-51570,224258,True
-51100,224262,-51086,224272,True
-50936,224220,-50924,224234,True
-50944,224278,-50932,224290,False
-56434,224108,-56408,224132,True
-51470,224084,-51460,224092,True
-51334,224074,-51324,224084,False
-51138,224066,-51124,224080,False
-57394,224002,-57366,224032,True
-57096,223966,-57086,223976,True
-55012,223978,-55000,223988,-1
-53910,223990,-53898,224000,-1
-52016,224010,-52000,224026,-1
-51938,224006,-51912,224034,True
-50662,223962,-50648,223976,True
-50224,223994,-50212,224004,-1
-45716,223978,-45700,223992,False
-57568,223836,-57554,223852,True
-55598,223892,-55572,223916,-1
-54212,223846,-54202,223856,True
-53574,223822,-53560,223834,True
-52860,223784,-52850,223794,True
-52852,223874,-52844,223882,False
-52304,223844,-52292,223854,False
-48224,223868,-48214,223878,True
-56116,223680,-56104,223694,False
-53556,223712,-53540,223726,True
-52752,223692,-52736,223708,True
-52558,223728,-52538,223748,True
-57172,223580,-57162,223590,False
-57066,223628,-57058,223638,True
-53510,223628,-53472,223656,True
-57192,223424,-57180,223440,False
-54080,223510,-54066,223522,False
-53574,223422,-53558,223436,False
-51648,223414,-51636,223424,False
-58658,223384,-58628,223412,False
-54206,223362,-54192,223376,True
-45262,223302,-45250,223312,False
-56802,223228,-56768,223260,-1
-53208,223220,-53198,223228,False
-53044,223178,-53034,223190,False
-52978,223256,-52964,223272,False
-48206,223264,-48196,223274,True
-53908,223130,-53880,223156,True
-53748,223022,-53724,223048,True
-45580,223114,-45570,223124,False
-52606,222986,-52590,223000,False
-52472,222974,-52462,222986,True
-54384,222868,-54352,222900,False
-54984,222632,-54962,222654,True
-49424,222692,-49404,222710,False
-44196,222708,-44186,222716,True
-53420,222500,-53408,222512,False
-53412,222586,-53404,222594,True
-49422,222640,-49404,222656,False
-48746,222580,-48730,222598,False
-47846,222562,-47828,222580,False
-55928,222500,-55916,222514,False
-53386,222384,-53362,222408,False
-49858,222456,-49844,222470,True
-48978,222436,-48948,222460,False
-57872,222328,-57858,222344,-1
-56920,222258,-56896,222278,False
-44796,222314,-44782,222330,True
-44792,222346,-44780,222356,True
-57100,222072,-57090,222082,False
-56442,221992,-56426,222008,-1
-54660,222062,-54652,222070,False
-51848,222214,-51826,222234,False
-50474,222122,-50460,222136,False
-49514,221992,-49490,222018,-1
-45180,222006,-45172,222016,False
-45230,222058,-45200,222090,False
-57142,221884,-57132,221896,-1
-54676,221972,-54664,221982,False
-53794,221954,-53776,221972,True
-52218,221976,-52202,221990,True
-51328,221892,-51308,221912,False
-46284,221884,-46270,221898,False
-55738,221768,-55714,221792,True
-52428,221778,-52408,221800,True
-51710,221930,-51696,221944,True
-48480,221830,-48468,221842,False
-45290,221756,-45276,221776,True
-56220,221706,-56210,221716,True
-51692,221642,-51684,221650,True
-55716,221576,-55698,221592,True
-51812,221450,-51794,221474,True
-51776,221362,-51758,221376,True
-54966,221290,-54956,221298,False
-54548,221216,-54534,221230,False
-50030,221296,-50014,221310,False
-49224,221226,-49204,221240,True
-49068,221278,-49056,221288,True
-49100,221272,-49090,221282,True
-48182,221216,-48170,221226,False
-54876,221176,-54860,221194,False
-54762,221704,-54742,221720,-1
-52422,221094,-52410,221106,True
-49268,221426,-49254,221442,False
-48664,220970,-48640,220994,False
-48552,221008,-48544,221016,True
-45722,221068,-45700,221088,False
-52800,220890,-52784,220906,True
-49216,220940,-49202,220952,False
-48896,220908,-48864,220936,False
-49886,220732,-49864,220752,True
-56970,220660,-56954,220674,-1
-54752,220626,-54728,220644,True
-54346,220624,-54338,220632,-1
-54368,220594,-54356,220604,False
-53388,220598,-53372,220614,False
-50592,220618,-50580,220630,False
-50212,220604,-50200,220616,True
-48546,220640,-48516,220668,True
-48340,220638,-48328,220648,True
-48034,220646,-48022,220656,True
-45038,220606,-45026,220616,True
-57134,220468,-57120,220480,True
-53540,220502,-53518,220524,True
-44850,220492,-44836,220506,False
-55486,220372,-55448,220404,True
-55186,220404,-55164,220424,False
-54638,220322,-54618,220342,False
-54122,220396,-54108,220408,True
-54030,220364,-54018,220376,-1
-50654,220370,-50622,220396,True
-46108,220414,-46098,220422,False
-55004,220288,-54988,220304,False
-54274,220312,-54266,220320,True
-57188,220084,-57182,220090,False
-54504,220134,-54492,220146,True
-53434,220136,-53420,220148,True
-53298,220098,-53278,220116,True
-50806,220162,-50798,220170,False
-48882,220122,-48868,220136,True
-56044,220032,-56030,220048,True
-55360,219938,-55344,219952,True
-55190,219966,-55182,219974,False
-53602,220022,-53580,220042,True
-50704,220032,-50694,220040,False
-48652,220078,-48642,220088,False
-47564,220048,-47536,220072,True
-47062,219936,-47046,219952,False
-46770,220026,-46762,220036,True
-46628,220054,-46620,220062,True
-57322,219836,-57298,219860,True
-57058,219864,-57038,219882,False
-54904,219914,-54890,219930,True
-52656,219828,-52648,219836,True
-51710,219910,-51700,219918,True
-51328,219894,-51316,219906,True
-51152,219930,-51132,219950,True
-50932,219828,-50924,219836,False
-50494,219852,-50484,219864,True
-48438,219808,-48424,219824,False
-48384,219808,-48370,219820,False
-47872,219934,-47860,219944,True
-46162,219920,-46138,219944,False
-45868,219814,-45834,219846,True
-45342,219820,-45330,219832,True
-57410,219740,-57378,219772,True
-57312,219768,-57280,219794,True
-56304,219770,-56292,219786,True
-54194,219692,-54182,219704,False
-52146,219688,-52134,219700,False
-51708,219682,-51696,219692,-1
-49524,219710,-49516,219720,False
-46888,219702,-46878,219710,True
-57414,219564,-57402,219576,True
-50342,219602,-50332,219614,True
-50080,219642,-50070,219652,-1
-49306,219610,-49282,219636,True
-47716,219610,-47708,219620,False
-47224,219624,-47210,219642,-1
-45688,220184,-45676,220192,True
-45480,219698,-45456,219722,True
-55950,219438,-55940,219448,False
-50412,219516,-50402,219524,False
-50220,219434,-50206,219448,True
-49972,219434,-49948,219452,True
-48642,219464,-48634,219472,False
-45432,219538,-45416,219556,True
-52856,219396,-52832,219418,False
-50542,219384,-50532,219390,False
-49290,219390,-49278,219400,True
-47052,219354,-47026,219380,True
-54630,219180,-54618,219192,-1
-49252,219242,-49240,219254,True
-48498,219240,-48486,219254,True
-48068,219258,-48038,219290,True
-45942,219282,-45932,219294,-1
-56642,219116,-56628,219128,True
-52258,219660,-52246,219672,False
-44582,219110,-44570,219120,True
-57144,219022,-57134,219030,False
-52980,218960,-52972,218968,True
-51546,219012,-51532,219028,True
-50748,219032,-50730,219054,True
-48470,218996,-48458,219008,True
-45018,219032,-45010,219038,False
-56310,218862,-56280,218896,True
-56262,218842,-56250,218856,False
-55666,218798,-55656,218808,False
-51368,218786,-51330,218814,False
-48004,218926,-47994,218936,-1
-47020,218904,-47006,218916,True
-44838,218902,-44828,218912,True
-50094,218760,-50084,218768,False
-48332,218794,-48322,218804,True
-47314,218726,-47308,218732,False
-56294,218624,-56272,218646,False
-56234,218652,-56218,218668,True
-55996,218636,-55964,218662,True
-52472,218540,-52458,218554,True
-52362,218568,-52336,218590,True
-52076,218574,-52064,218584,True
-51804,218576,-51792,218586,True
-50722,218610,-50712,218622,True
-56156,218522,-56128,218548,True
-54014,219010,-53994,219034,-1
-52034,218454,-52020,218464,True
-46224,219020,-46212,219034,True
-52808,218322,-52796,218338,True
-52538,218350,-52514,218374,True
-51972,218312,-51962,218322,True
-50424,218376,-50412,218388,False
-49188,218348,-49166,218368,True
-48040,218306,-48012,218336,False
-48226,218472,-48218,218482,True
-56340,218242,-56330,218254,True
-56268,218154,-56256,218166,-1
-55164,218208,-55150,218228,False
-52610,218268,-52588,218286,False
-52152,218254,-52142,218264,True
-51380,218212,-51368,218220,False
-50812,218236,-50782,218268,True
-44424,218144,-44412,218154,True
-56682,218156,-56672,218166,True
-56178,218626,-56138,218652,True
-55912,218016,-55886,218038,True
-53094,218094,-53082,218104,True
-49836,218016,-49824,218028,False
-47790,218060,-47772,218080,False
-56720,217906,-56696,217928,True
-51202,217904,-51168,217936,False
-50866,217996,-50844,218016,-1
-50870,217960,-50858,217970,True
-56192,217794,-56174,217812,True
-56588,217748,-56578,217758,True
-56196,217640,-56186,217648,False
-54230,217772,-54218,217782,True
-50494,217728,-50480,217740,True
-56794,217518,-56764,217546,False
-56446,217610,-56426,217632,False
-56158,217594,-56148,217604,True
-48388,217520,-48370,217538,False
-56070,217448,-56060,217458,True
-52820,217404,-52808,217414,True
-52778,217488,-52764,217500,False
-52040,217464,-52026,217482,True
-51186,217436,-51162,217458,True
-56520,217364,-56512,217372,True
-51316,217300,-51306,217308,True
-49868,217352,-49856,217362,True
-54150,217212,-54140,217224,True
-52510,217198,-52498,217210,False
-52140,217190,-52130,217200,True
-51652,217242,-51644,217248,False
-51212,217240,-51188,217268,True
-49652,217208,-49642,217218,True
-56158,217000,-56148,217010,-1
-55844,217110,-55832,217120,True
-55206,217002,-55196,217014,True
-49826,217612,-49814,217622,False
-55944,216864,-55930,216876,True
-51960,216976,-51948,216990,-1
-48542,216888,-48530,216898,False
-53298,216838,-53274,216856,True
-52142,216816,-52126,216828,True
-51978,216858,-51966,216874,False
-49580,216784,-49570,216792,True
-49770,216752,-49760,216764,True
-48156,216854,-48144,216864,-1
-56098,216670,-56084,216680,True
-55336,216664,-55324,216676,True
-49950,216728,-49928,216748,True
-53956,216588,-53946,216600,False
-55764,216490,-55738,216514,False
-51974,216412,-51944,216444,False
-50898,216362,-50868,216386,True
-54868,216260,-54842,216282,True
-49518,216302,-49486,216334,True
-55684,216184,-55664,216202,False
-52114,216164,-52108,216170,False
-50854,216212,-50836,216228,True
-49878,216194,-49860,216208,False
-55944,216062,-55932,216072,True
-55600,216032,-55590,216040,True
-55188,215996,-55176,216008,-1
-50408,216046,-50378,216076,-1
-55414,215954,-55380,215982,True
-55828,215786,-55816,215796,True
-55702,215770,-55692,215778,True
-55822,215638,-55810,215650,True
-55246,215620,-55228,215634,True
-54588,215680,-54578,215688,True
-55078,215500,-55066,215512,True
-54126,215476,-54116,215488,True
-55000,215572,-54990,215584,True
-55272,215322,-55260,215334,True
-54764,215248,-54754,215260,True
-54066,215234,-54056,215246,True
-56198,215694,-56186,215704,False
-54924,215086,-54908,215104,False
-56074,214854,-56060,214866,True
-55544,214852,-55530,214868,True
-55006,214838,-54994,214848,False
-55256,214948,-55242,214960,-1
-54794,214570,-54784,214580,True
-54072,214520,-54044,214550,False
-54960,214340,-54946,214354,False
-54392,214258,-54380,214270,False
-54300,214264,-54290,214274,True
-55804,214182,-55790,214196,-1
-55340,214136,-55330,214146,True
-54114,214028,-54098,214042,False
