-45522,259850,-45498,259874,True
-45410,259680,-45384,259708,False
-47510,259006,-47488,259030,True
-46386,258978,-46364,259000,False
-46014,258982,-45988,259008,-1
-47394,258878,-47372,258900,True
-47358,258902,-47336,258924,-1
-46428,258902,-46406,258924,True
-46046,258944,-46024,258966,True
-47402,258808,-47380,258828,True
-46984,258768,-46964,258788,True
-47986,258536,-47966,258556,True
-47422,258558,-47398,258584,False
-47072,258590,-47048,258614,False
-47478,258352,-47452,258376,True
-46696,258396,-46672,258420,True
-47528,258344,-47506,258366,True
-47382,258278,-47362,258298,True
-47190,258388,-47168,258410,True
-47086,258294,-47066,258316,False
-46966,258272,-46944,258294,False
-46942,258326,-46918,258348,True
-46736,258216,-46712,258242,True
-47330,258162,-47312,258180,True
-46580,258188,-46556,258212,True
-44172,258640,-44152,258660,True
-47630,258026,-47608,258048,False
-46744,257972,-46720,257998,True
-46624,257990,-46604,258010,-1
-44508,257992,-44484,258018,-1
-49072,257906,-49052,257926,True
-47604,257824,-47580,257846,False
-47074,257944,-47052,257964,True
-48016,257772,-47994,257794,-1
-47384,257710,-47360,257734,True
-47292,257766,-47270,257788,True
-44686,257786,-44670,257804,True
-49964,257638,-49940,257660,-1
-46916,257664,-46892,257688,True
-46104,257618,-46082,257640,True
-45650,257622,-45628,257644,True
-44584,257536,-44558,257562,-1
-47432,257352,-47410,257374,True
-45548,257416,-45526,257438,-1
-44858,257418,-44836,257440,True
-45204,257420,-45180,257442,True
-44370,257364,-44346,257388,True
-47828,257240,-47800,257268,False
-46078,257188,-46052,257214,True
-45726,257184,-45702,257206,False
-45782,257312,-45764,257332,True
-49428,257104,-49404,257128,True
-48698,257116,-48676,257140,False
-46436,257128,-46412,257150,False
-44950,257620,-44930,257640,-1
-49178,256988,-49150,257016,False
-49130,256984,-49110,257004,False
-48118,257022,-48094,257046,-1
-46424,257062,-46404,257082,True
-44824,256974,-44802,256996,False
-44408,257080,-44384,257102,True
-49552,256882,-49532,256904,False
-49402,256924,-49376,256950,False
-47930,256854,-47908,256874,True
-47134,257344,-47110,257366,True
-44366,256888,-44344,256910,-1
-44322,256946,-44302,256964,True
-47902,257196,-47882,257216,-1
-47856,256752,-47838,256768,False
-45794,256774,-45772,256796,True
-48004,256968,-47982,256990,-1
-46554,256606,-46534,256626,True
-46496,256534,-46476,256556,True
-45134,256486,-45110,256510,True
-48854,256290,-48826,256316,True
-47816,256438,-47790,256464,True
-47032,256304,-47008,256328,True
-48002,256176,-47974,256204,-1
-47206,256118,-47188,256136,False
-46916,256114,-46896,256134,True
-51522,255968,-51494,255994,True
-50980,255952,-50954,255978,False
-50840,255964,-50818,255986,True
-49310,255904,-49288,255924,True
-48534,256034,-48512,256058,False
-44242,255934,-44218,255958,True
-51286,255894,-51262,255918,True
-51042,255836,-51020,255858,True
-50588,255776,-50562,255800,-1
-50654,255822,-50630,255844,True
-49942,255876,-49924,255896,-1
-49908,255818,-49892,255834,False
-46216,255904,-46192,255928,-1
-50668,255706,-50646,255726,True
-48904,255758,-48884,255778,False
-47958,256258,-47928,256286,True
-45400,255728,-45382,255746,True
-45228,255694,-45202,255722,True
-45014,255726,-44988,255752,True
-48530,256076,-48506,256100,False
-48042,255552,-48018,255574,False
-47414,255562,-47392,255584,-1
-45392,255602,-45364,255628,True
-51054,255480,-51036,255498,False
-49176,255546,-49152,255568,False
-44214,255430,-44190,255452,True
-48780,255346,-48752,255374,True
-48652,255422,-48626,255450,True
-46030,255372,-46008,255394,True
-50224,255212,-50192,255246,True
-50000,255184,-49978,255208,True
-48788,255198,-48764,255220,False
-44204,255192,-44182,255216,True
-49054,255068,-49028,255096,True
-45192,255100,-45166,255124,True
-44668,255122,-44644,255146,True
-51792,255004,-51766,255030,-1
-51482,254892,-51460,254914,True
-47722,254902,-47700,254924,True
-44510,254884,-44486,254910,-1
-51956,254832,-51932,254856,True
-47582,254842,-47554,254868,False
-51998,254756,-51978,254776,-1
-51706,254748,-51676,254778,True
-51624,254706,-51596,254732,-1
-51490,254680,-51468,254702,True
-51448,255070,-51424,255096,-1
-45678,254746,-45654,254770,True
-51340,254508,-51312,254534,-1
-47830,254544,-47808,254568,True
-47010,254604,-46982,254632,True
-46928,254560,-46904,254582,True
-45392,254524,-45368,254548,True
-51342,254318,-51316,254346,False
-50400,254318,-50376,254344,False
-49110,254326,-49080,254358,False
-45574,254390,-45548,254414,False
-48484,254264,-48452,254296,-1
-51284,254110,-51256,254136,-1
-45164,253698,-45136,253728,True
-50458,253584,-50422,253620,True
-50394,253462,-50366,253492,False
-46330,253904,-46304,253928,False
-47006,253288,-46978,253316,-1
-44266,253228,-44242,253252,True
-50504,253188,-50460,253230,True
-49634,253504,-49610,253528,False
-48036,253086,-48014,253108,False
-50664,252896,-50632,252928,False
-51654,252806,-51628,252832,False
-51974,252590,-51950,252616,True
-51726,252170,-51702,252194,False
-54760,251938,-54738,251960,False
-49316,251972,-49282,252006,-1
-51998,251890,-51976,251912,True
-47976,251860,-47952,251884,True
-53722,251766,-53692,251794,False
-52266,251782,-52246,251802,False
-52306,251784,-52288,251802,False
-51798,252082,-51774,252106,True
-48100,251584,-48072,251610,False
-53108,251528,-53086,251550,True
-49684,251408,-49654,251438,True
-48654,251400,-48630,251424,False
-44332,251380,-44306,251408,True
-44294,251434,-44266,251462,True
-55512,251284,-55480,251314,True
-47750,251100,-47720,251128,False
-45922,251056,-45898,251080,True
-53616,250988,-53590,251014,False
-48346,251026,-48322,251052,False
-55526,250832,-55500,250860,-1
-55136,250846,-55108,250872,-1
-48990,250786,-48962,250814,False
-55568,250714,-55538,250744,True
-49662,250762,-49640,250784,False
-48970,250750,-48944,250778,True
-48026,250786,-47998,250812,-1
-55940,250614,-55916,250638,True
-55722,250532,-55694,250560,True
-55036,250658,-55010,250684,True
-54802,250592,-54782,250612,True
-54364,250610,-54338,250636,-1
-49678,251142,-49648,251168,False
-49386,250616,-49358,250642,True
-55416,250496,-55394,250518,True
-55350,250972,-55326,250996,True
-51930,250400,-51902,250424,True
-54982,250344,-54960,250364,True
-54650,250392,-54632,250410,True
-53450,250406,-53434,250420,-1
-52502,250378,-52476,250406,-1
-49158,250400,-49134,250424,True
-55956,250680,-55936,250702,-1
-55580,250190,-55558,250212,True
-55336,250194,-55314,250218,True
-55490,250176,-55466,250202,True
-54952,250222,-54930,250244,False
-54542,250560,-54516,250584,True
-52706,250212,-52678,250238,-1
-52592,250170,-52568,250192,True
-47586,250190,-47566,250210,False
-55304,250172,-55286,250192,False
-48444,250016,-48416,250044,True
-56988,249834,-56966,249856,True
-56800,249764,-56768,249794,-1
-48724,249810,-48698,249838,True
-47498,249762,-47472,249788,True
-57778,249714,-57752,249740,False
-55864,249748,-55842,249772,True
-56150,249632,-56128,249654,True
-55616,249612,-55588,249640,True
-55506,249622,-55480,249648,True
-44396,249558,-44372,249580,True
-57956,249478,-57932,249504,True
-54384,249444,-54360,249468,True
-48586,249900,-48562,249924,False
-47758,249486,-47734,249512,True
-47698,249396,-47674,249418,True
-47578,249484,-47554,249508,True
-47720,249430,-47694,249456,True
-56540,249320,-56522,249338,False
-54592,249254,-54568,249278,True
-51480,249862,-51450,249886,True
-47616,249324,-47590,249350,True
-56618,249566,-56600,249584,-1
-47814,249734,-47786,249760,True
-56688,249414,-56670,249432,True
-56758,249542,-56740,249560,True
-52048,249100,-52022,249126,True
-50646,249040,-50620,249066,False
-47792,249456,-47770,249478,True
-47204,249150,-47176,249180,False
-57890,248966,-57868,248988,True
-57868,248906,-57844,248930,True
-57856,248952,-57838,248970,False
-50470,248908,-50452,248928,False
-50408,249308,-50388,249330,False
-47866,248964,-47842,248988,True
-46896,248916,-46874,248938,False
-57834,248868,-57814,248888,False
-57852,248816,-57834,248834,True
-54788,248852,-54762,248878,True
-51172,248856,-51150,248878,False
-46304,248848,-46280,248874,False
-57774,248768,-57750,248792,True
-57402,248950,-57386,248968,True
-48034,248484,-48012,248506,False
-47486,248602,-47466,248624,False
-44778,248562,-44754,248586,True
-56276,248810,-56262,248824,-1
-55540,248318,-55522,248338,True
-48158,248278,-48134,248302,True
-48490,248232,-48464,248260,False
-47190,248336,-47162,248364,True
-45836,248350,-45808,248374,True
-57546,248662,-57532,248676,True
-54326,248712,-54296,248736,False
-54376,248008,-54350,248034,False
-49798,248010,-49766,248040,True
-48412,248012,-48388,248036,True
-48010,248052,-47988,248076,-1
-57500,247924,-57484,247940,-1
-50520,247912,-50500,247932,False
-45414,247892,-45394,247912,False
-57636,247774,-57624,247786,-1
-50334,248274,-50312,248296,True
-48618,248330,-48592,248352,True
-48228,247788,-48202,247816,False
-52860,247692,-52836,247714,True
-45510,247728,-45488,247750,True
-53426,247540,-53400,247566,False
-45644,247498,-45620,247522,True
-54666,247946,-54638,247966,True
-46414,247250,-46392,247272,-1
-45582,247206,-45554,247236,False
-44346,247290,-44322,247314,False
-59084,247638,-59066,247656,True
-59376,247040,-59356,247060,-1
-53404,246950,-53380,246976,-1
-49812,247066,-49792,247086,True
-47392,247076,-47366,247104,-1
-54280,247358,-54256,247382,-1
-51730,246852,-51702,246880,-1
-49998,246894,-49976,246918,True
-45112,246724,-45090,246746,False
-56638,247002,-56618,247022,True
-54914,246538,-54892,246560,True
-54046,246960,-54024,246982,False
-49976,246992,-49956,247012,True
-59578,246380,-59550,246408,-1
-50184,246900,-50162,246924,True
-45258,246360,-45230,246388,False
-59772,246186,-59752,246206,False
-56580,246196,-56554,246222,True
-54840,246304,-54814,246328,False
-54312,246302,-54292,246322,True
-58532,246090,-58512,246110,False
-46544,246594,-46522,246614,True
-58526,246050,-58500,246074,True
-58520,246006,-58502,246026,True
-58606,245968,-58588,245986,False
-57534,245986,-57514,246008,-1
-55384,245974,-55360,245998,True
-58386,245896,-58364,245918,-1
-57614,245954,-57594,245976,False
-57162,246320,-57140,246344,False
-56698,245848,-56670,245878,True
-46120,245888,-46096,245910,False
-58580,245784,-58558,245806,-1
-55936,245760,-55910,245786,False
-57274,245566,-57254,245588,True
-49244,246012,-49216,246042,False
-55222,245728,-55200,245750,True
-59954,245238,-59934,245258,-1
-55512,245294,-55484,245322,-1
-55120,245300,-55100,245320,False
-49514,245772,-49490,245792,True
-56494,245080,-56470,245104,True
-55920,245146,-55898,245168,False
-44164,245130,-44142,245154,True
-55986,245252,-55964,245276,True
-55738,245018,-55712,245042,True
-48364,244984,-48340,245008,True
-45090,245430,-45070,245450,True
-59336,244804,-59322,244818,-1
-58198,244824,-58174,244848,True
-56562,244856,-56538,244880,-1
-56236,244772,-56210,244796,-1
-56326,244698,-56306,244718,True
-61038,245096,-61016,245120,True
-60302,244572,-60284,244592,False
-57246,244538,-57224,244560,True
-55938,244634,-55914,244660,True
-48848,244514,-48826,244536,False
-60482,244384,-60442,244414,True
-60192,244510,-60166,244538,-1
-59850,244432,-59830,244452,-1
-59878,244470,-59860,244488,-1
-57578,244408,-57550,244434,True
-56800,244470,-56780,244492,True
-55618,244496,-55598,244516,False
-53428,244502,-53406,244524,False
-46092,244432,-46070,244452,True
-56840,244398,-56816,244422,True
-56782,244298,-56760,244318,True
-56414,244298,-56392,244318,True
-52692,244316,-52668,244340,False
-45064,244326,-45046,244346,True
-59364,244240,-59334,244270,False
-57034,244238,-57014,244256,False
-59294,244062,-59270,244086,True
-56846,244038,-56822,244062,True
-55770,244526,-55750,244546,True
-50184,244110,-50160,244134,False
-46334,244112,-46310,244136,False
-59626,243940,-59598,243968,False
-59506,243998,-59480,244026,-1
-59432,243974,-59412,243994,False
-56342,244414,-56324,244434,False
-55642,243990,-55620,244010,-1
-47454,244000,-47432,244022,False
-60130,243744,-60092,243776,False
-44716,243866,-44688,243896,True
-58668,243648,-58640,243674,True
-52190,243718,-52166,243742,False
-50866,243718,-50836,243746,False
-56872,244104,-56846,244126,False
-49954,243556,-49928,243580,False
-47196,243532,-47166,243560,False
-60010,243282,-59986,243304,-1
-55080,243330,-55056,243354,False
-49968,243372,-49944,243398,False
-59638,243192,-59618,243212,True
-57322,242976,-57300,242998,True
-54082,243076,-54058,243102,False
-59738,242976,-59720,242994,False
-59706,242994,-59688,243012,False
-51248,242910,-51224,242934,-1
-44072,242974,-44046,243000,False
-59984,242758,-59960,242782,True
-59894,242754,-59870,242780,True
-54050,242774,-54028,242796,True
-53808,242774,-53784,242798,False
-51902,242828,-51880,242852,False
-51880,242754,-51856,242780,False
-50942,242842,-50918,242864,True
-45672,242846,-45644,242872,True
-60016,242708,-59996,242730,-1
-52854,242638,-52832,242658,-1
-44342,242710,-44314,242740,False
-47504,242598,-47482,242620,False
-44910,242622,-44888,242644,False
-60768,242952,-60734,242976,False
-58222,242336,-58192,242364,True
-58086,242456,-58064,242478,False
-54386,242434,-54368,242452,False
-47580,242434,-47554,242460,True
-47722,242392,-47692,242420,False
-58070,242272,-58046,242298,False
-56464,242228,-56442,242250,-1
-54064,242326,-54030,242362,True
-53334,242230,-53308,242256,True
-54006,242636,-53988,242652,-1
-44100,242138,-44062,242176,False
-57984,242008,-57960,242034,True
-46482,242040,-46460,242062,True
-58488,241970,-58468,241990,True
-54484,241832,-54458,241858,True
-51680,241928,-51656,241952,False
-45960,241950,-45940,241972,True
-44606,241902,-44578,241930,True
-61414,241748,-61386,241772,True
-55226,241802,-55204,241826,False
-51626,241802,-51598,241830,True
-48040,241742,-48014,241766,True
-47168,241762,-47144,241784,False
-45364,241802,-45342,241822,True
-53218,241632,-53198,241654,True
-47078,241598,-47050,241626,True
-58378,241506,-58352,241530,True
-54714,241430,-54690,241456,False
-47676,241370,-47650,241396,False
-45274,241874,-45252,241900,True
-59082,241334,-59058,241358,-1
-57994,241200,-57968,241226,True
-47700,241238,-47676,241262,True
-46530,241300,-46508,241320,True
-58692,241068,-58668,241092,True
-54702,241168,-54678,241190,False
-47080,241510,-47054,241536,False
-58644,240978,-58618,241004,True
-58246,241020,-58218,241050,False
-50942,240934,-50914,240964,True
-48808,240970,-48784,240994,True
-46180,241000,-46158,241020,False
-44644,241022,-44620,241046,False
-58218,240884,-58192,240912,False
-51276,240844,-51248,240872,False
-59180,240726,-59156,240750,False
-58460,240718,-58432,240748,False
-53800,240744,-53774,240770,True
-49488,240768,-49462,240794,False
-58334,240544,-58306,240572,False
-57890,240608,-57860,240640,True
-53174,240544,-53144,240570,True
-46058,240644,-46034,240666,False
-57218,240484,-57194,240510,False
-53162,240510,-53138,240534,True
-51258,240422,-51230,240446,False
-44910,240454,-44892,240472,False
-44608,240460,-44576,240494,False
-44192,240418,-44160,240450,False
-54924,240292,-54898,240318,False
-57754,240168,-57728,240196,False
-55092,240278,-55064,240304,False
-54178,240262,-54146,240294,False
-53506,240220,-53480,240248,True
-58620,240098,-58596,240122,False
-56168,240130,-56148,240154,False
-50878,240644,-50848,240672,False
-55952,239974,-55924,240002,-1
-51818,239912,-51790,239938,True
-48550,239912,-48522,239942,True
-45432,239852,-45402,239882,False
-58754,239698,-58726,239726,False
-57606,239692,-57578,239720,False
-45522,239716,-45496,239742,False
-45448,239610,-45424,239634,False
-45640,239606,-45614,239632,True
-49648,239456,-49622,239480,False
-48706,239460,-48680,239488,True
-47646,239394,-47618,239422,False
-60180,239304,-60150,239334,False
-58406,239320,-58376,239350,False
-48984,239302,-48958,239328,False
-47268,239418,-47238,239448,False
-45592,239790,-45572,239812,False
-60456,239618,-60432,239642,False
-49696,239216,-49668,239242,True
-61600,239156,-61578,239178,False
-58512,239046,-58482,239076,True
-58368,239610,-58328,239648,False
-56216,239028,-56190,239056,True
-55038,239090,-55016,239114,True
-48402,239054,-48372,239086,True
-58458,239494,-58428,239518,False
-58422,238884,-58392,238910,-1
-56804,238996,-56780,239020,True
-55212,238928,-55192,238950,True
-48114,238978,-48086,239008,False
-47936,238880,-47916,238898,True
-60138,238770,-60118,238794,True
-58456,238792,-58430,238818,True
-57636,238860,-57606,238890,False
-47754,238624,-47730,238646,True
-58406,238500,-58380,238528,False
-58206,238602,-58180,238626,True
-50706,238498,-50678,238526,False
-48638,238538,-48610,238566,False
-48560,238578,-48530,238608,False
-47660,238582,-47636,238604,True
-47676,238552,-47650,238578,True
-47532,238568,-47506,238592,True
-45614,238582,-45588,238608,-1
-44406,238548,-44374,238582,False
-60836,238462,-60810,238488,True
-47670,238904,-47654,238922,True
-47584,238958,-47562,238978,True
-59120,238290,-59096,238314,True
-56974,238278,-56950,238304,True
-56742,238814,-56712,238846,True
-46142,238242,-46116,238270,True
-58806,238200,-58782,238224,False
-53274,238612,-53252,238634,True
-44320,238166,-44286,238200,False
-47192,237986,-47164,238012,-1
-46084,237984,-46058,238012,-1
-59496,237864,-59468,237890,True
-58746,237948,-58722,237972,True
-58586,237958,-58562,237984,True
-59856,237734,-59828,237760,True
-59052,237782,-59026,237808,True
-55640,237878,-55604,237912,False
-55022,237798,-54994,237828,False
-47346,237736,-47322,237762,False
-46892,238346,-46864,238368,False
-46762,237836,-46734,237866,True
-46384,237734,-46358,237758,True
-58318,237688,-58294,237712,True
-46858,237650,-46826,237682,False
-46872,237750,-46850,237772,True
-59832,237600,-59812,237622,True
-58570,238034,-58546,238058,True
-57886,237568,-57860,237594,True
-47932,237538,-47906,237562,False
-60552,237468,-60532,237490,True
-60476,237442,-60452,237468,False
-54870,237376,-54846,237400,False
-47158,237430,-47128,237460,True
-44062,237958,-44034,237984,False
-56042,237834,-56018,237856,True
-50802,237234,-50776,237260,False
-57516,237158,-57488,237186,True
-46850,237120,-46830,237140,False
-46484,237196,-46460,237220,False
-58878,236960,-58852,236984,False
-56038,237078,-56010,237104,True
-49506,237050,-49480,237076,False
-47088,236970,-47066,236992,True
-46410,236990,-46382,237016,False
-46368,237570,-46344,237596,True
-61018,236832,-60984,236858,True
-52832,236942,-52806,236968,True
-47926,236836,-47896,236866,True
-47490,236860,-47466,236884,True
-47402,236918,-47376,236942,True
-60718,236814,-60688,236844,False
-60220,236722,-60198,236744,-1
-59376,236790,-59350,236818,True
-57680,236814,-57660,236836,True
-47956,236788,-47932,236812,False
-47266,236822,-47244,236844,True
-47250,237288,-47228,237310,True
-59370,236734,-59344,236760,False
-47240,236728,-47212,236756,False
-46658,236684,-46632,236712,True
-46572,236668,-46546,236692,True
-49706,236456,-49680,236484,False
-59576,236304,-59546,236334,True
-58498,236264,-58474,236292,-1
-58040,236782,-58018,236802,False
-52692,236254,-52670,236280,True
-52770,236290,-52748,236314,False
-50990,236264,-50964,236288,True
-61738,236138,-61706,236170,-1
-52158,235906,-52134,235928,False
-48360,235872,-48336,235896,False
-60460,236298,-60432,236320,-1
-59254,236234,-59230,236256,-1
-55566,236282,-55530,236318,False
-47454,236190,-47428,236214,True
-51096,235492,-51072,235516,True
-45720,235544,-45698,235566,False
-61478,235310,-61454,235336,-1
-57998,235296,-57970,235318,False
-57904,235080,-57874,235110,True
-49334,235182,-49306,235210,-1
-46022,235060,-45992,235090,-1
-53564,234940,-53536,234966,False
-50212,234958,-50180,234988,True
-49548,234996,-49524,235020,True
-49944,235400,-49924,235420,True
-46294,235042,-46270,235066,False
-57478,234948,-57452,234974,False
-57000,234816,-56974,234840,False
-58584,234724,-58558,234750,False
-57378,234706,-57354,234732,True
-51992,234780,-51970,234804,False
-44528,234724,-44510,234742,False
-58048,234634,-58018,234664,False
-57790,234630,-57768,234654,True
-57608,234598,-57578,234628,False
-57646,234570,-57618,234598,False
-57534,234576,-57504,234606,True
-57766,234680,-57742,234702,False
-56504,234618,-56476,234644,False
-57578,234442,-57552,234470,True
-56270,234508,-56240,234536,False
-61308,234298,-61284,234322,True
-57198,234338,-57170,234368,True
-57080,234412,-57052,234440,True
-56940,234888,-56908,234912,True
-56624,234272,-56590,234306,True
-60358,234264,-60338,234286,True
-57632,234148,-57602,234178,True
-57064,234564,-57040,234590,True
-57356,234210,-57328,234240,True
-56786,234244,-56760,234270,False
-56692,234200,-56662,234230,False
-59754,234128,-59732,234150,True
-58670,234150,-58648,234174,True
-57884,234098,-57854,234126,False
-56870,234066,-56850,234088,True
-57322,234636,-57298,234656,True
-52218,234068,-52194,234092,False
-57276,233944,-57248,233972,True
-55656,233898,-55628,233928,False
-60912,233906,-60884,233934,-1
-60394,234262,-60370,234288,-1
-58474,233806,-58448,233832,False
-57860,234368,-57828,234398,True
-57640,233834,-57612,233858,True
-57354,233848,-57330,233872,True
-56840,233860,-56810,233892,True
-58674,233734,-58644,233762,False
-57186,233722,-57162,233746,True
-51816,234248,-51786,234270,False
-57356,233508,-57330,233536,True
-57248,233550,-57222,233576,False
-56110,233536,-56084,233562,True
-57250,233384,-57224,233410,True
-56952,233424,-56926,233450,True
-46928,233382,-46900,233410,True
-60598,233366,-60572,233392,False
-57238,233284,-57204,233318,False
-57344,233272,-57320,233298,True
-57156,233386,-57128,233414,True
-56804,233342,-56774,233372,False
-61040,233190,-61022,233208,True
-59654,233158,-59628,233184,True
-55272,233196,-55244,233224,True
-44432,233134,-44394,233174,False
-60944,233160,-60924,233180,True
-61090,233196,-61074,233212,True
-60104,233054,-60078,233082,False
-58710,233104,-58682,233130,False
-56976,232998,-56944,233030,False
-55976,233098,-55938,233134,True
-51360,232876,-51334,232904,-1
-51332,233426,-51308,233450,False
-47518,232954,-47486,232986,False
-61282,232838,-61260,232858,True
-54428,232902,-54402,232928,True
-45462,232840,-45438,232864,True
-61130,232652,-61106,232676,True
-57742,232610,-57714,232636,True
-56748,232670,-56710,232706,True
-54634,233228,-54610,233248,False
-52604,232742,-52572,232776,True
-44372,232622,-44350,232646,True
-58642,232574,-58614,232602,True
-57132,232582,-57102,232610,True
-56730,232500,-56696,232534,False
-45480,232590,-45460,232612,True
-59132,232522,-59104,232548,-1
-57632,232354,-57604,232380,True
-61128,232310,-61102,232338,True
-58780,232236,-58750,232268,False
-56976,232326,-56952,232350,False
-56938,232304,-56916,232326,True
-50222,232248,-50200,232270,True
-56916,232126,-56890,232152,False
-61688,231988,-61668,232010,-1
-56972,232072,-56948,232096,True
-56580,232022,-56554,232050,True
-55898,231992,-55868,232020,-1
-58098,231858,-58068,231888,True
-56622,232438,-56598,232462,True
-56530,231950,-56506,231974,True
-52262,231910,-52226,231944,False
-49988,231930,-49952,231968,True
-61694,231804,-61672,231826,True
-58100,231776,-58080,231796,False
-57310,231736,-57286,231762,True
-57648,232260,-57628,232282,True
-56206,231790,-56180,231816,True
-53838,231796,-53808,231828,True
-52528,231734,-52500,231760,False
-45758,232272,-45734,232294,True
-57366,231638,-57340,231664,True
-56994,231628,-56972,231650,True
-56676,231640,-56644,231672,True
-51616,231606,-51586,231636,False
-49232,231630,-49208,231654,True
-56516,232026,-56494,232048,True
-56534,231542,-56502,231574,True
-44896,231456,-44868,231484,False
-56488,231494,-56458,231522,False
-52888,231938,-52856,231966,True
-51876,231442,-51846,231472,-1
-47400,231398,-47374,231424,False
-61886,231330,-61860,231356,-1
-58770,231208,-58738,231240,True
-46376,231818,-46344,231838,False
-46166,231296,-46142,231320,False
-44546,231304,-44526,231324,False
-59522,231078,-59492,231106,False
-57124,231652,-57100,231676,True
-52708,231076,-52682,231104,False
-45858,231152,-45840,231170,False
-44230,231160,-44200,231192,True
-44310,231076,-44290,231096,False
-61466,230952,-61444,230976,True
-57192,231062,-57172,231084,False
-56124,231042,-56096,231070,True
-50382,231008,-50350,231038,True
-48430,231006,-48406,231030,True
-61604,230924,-61578,230950,-1
-61006,230888,-60988,230908,False
-59664,230892,-59640,230916,True
-57370,230900,-57348,230922,True
-56578,231396,-56552,231422,False
-46378,230936,-46354,230958,True
-61894,230692,-61866,230720,True
-61766,230808,-61748,230828,False
-60892,230746,-60866,230772,False
-59528,230808,-59510,230826,False
-58728,230730,-58700,230758,False
-51098,230762,-51072,230790,False
-46642,230692,-46618,230716,True
-45026,230778,-45004,230800,False
-59454,231142,-59430,231164,True
-57466,230636,-57442,230660,True
-61584,230556,-61562,230578,False
-61094,230574,-61076,230594,True
-57586,230542,-57564,230562,False
-56532,231048,-56502,231072,True
-55224,230500,-55186,230538,-1
-50218,230474,-50184,230508,True
-58544,230328,-58518,230354,False
-55092,230372,-55066,230396,True
-48306,230330,-48282,230354,True
-46750,230432,-46730,230452,-1
-44070,230332,-44050,230354,True
-62536,230254,-62510,230280,-1
-59542,230254,-59516,230282,False
-56974,230176,-56946,230196,True
-54762,230792,-54734,230814,False
-47022,230284,-46996,230310,True
-46056,230224,-46036,230246,True
-45208,230280,-45190,230298,True
-45008,230326,-44984,230352,True
-45122,230220,-45102,230240,True
-60928,229968,-60910,229988,False
-47366,229962,-47344,229984,True
-45630,229996,-45612,230016,-1
-52958,229870,-52926,229902,-1
-45376,230344,-45354,230366,True
-44296,230242,-44274,230262,False
-44274,230356,-44250,230380,True
-44530,230206,-44508,230226,False
-44182,230244,-44160,230266,True
-60978,229752,-60960,229772,False
-60934,229704,-60916,229724,False
-59004,229700,-58980,229724,True
-55736,229668,-55704,229700,False
-61328,229634,-61306,229656,False
-55338,230064,-55304,230094,False
-52530,229612,-52502,229638,False
-51772,229574,-51742,229604,True
-46578,229566,-46556,229590,False
-44900,229574,-44872,229602,True
-59630,229500,-59602,229526,-1
-55210,229530,-55180,229558,False
-54168,229582,-54148,229604,True
-52904,229452,-52876,229480,True
-50470,230024,-50442,230048,False
-50476,229476,-50454,229500,True
-50226,229458,-50204,229480,True
-49428,229448,-49406,229470,False
-47914,229436,-47890,229460,True
-44280,229448,-44262,229468,False
-61166,229840,-61148,229858,False
-60834,229330,-60812,229354,True
-60708,229400,-60686,229420,True
-59210,229318,-59182,229344,True
-56274,229346,-56246,229374,True
-53650,229764,-53626,229788,True
-61292,229264,-61270,229284,True
-61210,229270,-61188,229292,False
-61058,229212,-61040,229230,True
-57428,229178,-57404,229202,True
-57738,229652,-57714,229676,True
-56352,229244,-56322,229276,True
-47360,229284,-47336,229308,True
-46510,229238,-46492,229258,True
-44484,229242,-44452,229276,-1
-44408,229258,-44390,229276,-1
-61014,229086,-60996,229106,False
-59218,229046,-59192,229072,True
-58602,229646,-58580,229664,False
-46258,229070,-46236,229092,True
-45912,229110,-45886,229134,-1
-45144,229592,-45120,229616,True
-44842,229042,-44818,229068,-1
-44128,229112,-44108,229132,True
-61600,229370,-61580,229390,True
-54472,228934,-54446,228960,True
-52730,228966,-52708,228988,True
-51080,228934,-51050,228964,True
-46258,229022,-46236,229044,-1
-44414,228932,-44394,228952,True
-44084,228992,-44062,229014,-1
-60774,228906,-60752,228928,True
-60816,228890,-60792,228914,True
-60606,228904,-60588,228922,True
-58776,228808,-58744,228840,False
-54640,228814,-54614,228840,True
-52002,228914,-51980,228934,-1
-49440,228888,-49420,228908,True
-48628,228836,-48602,228862,True
-46148,228806,-46128,228826,True
-46120,228826,-46100,228844,True
-46246,228812,-46230,228828,False
-45828,228818,-45806,228838,False
-44768,228920,-44750,228938,False
-60202,228728,-60182,228748,False
-55832,228744,-55804,228772,False
-53536,228740,-53512,228764,True
-53298,228776,-53276,228800,True
-51638,228722,-51616,228744,True
-51340,228756,-51306,228794,False
-51312,228716,-51282,228746,False
-47148,228684,-47124,228708,True
-46988,228728,-46968,228748,False
-61344,228554,-61322,228576,True
-60236,228516,-60210,228542,True
-57578,229128,-57550,229152,False
-51624,229012,-51598,229040,False
-47722,228668,-47700,228690,True
-47064,228630,-47042,228654,True
-46924,228552,-46902,228576,True
-46850,228614,-46830,228634,True
-60800,228522,-60780,228544,False
-60460,228500,-60434,228526,True
-59240,228446,-59210,228478,False
-50220,228384,-50190,228412,True
-48444,228512,-48424,228534,True
-47434,228384,-47408,228410,True
-45708,228392,-45684,228416,False
-53792,228410,-53766,228434,True
-53792,228336,-53766,228364,False
-50052,228356,-50026,228382,True
-47776,228270,-47752,228294,False
-61420,228632,-61400,228652,True
-56062,228706,-56034,228732,True
-53756,228198,-53732,228222,False
-53364,228178,-53344,228198,True
-51506,228254,-51486,228276,True
-45152,228200,-45128,228224,False
-53730,228020,-53706,228044,True
-48236,228144,-48214,228168,True
-47792,228116,-47772,228136,True
-45508,228104,-45488,228122,True
-45392,228078,-45374,228098,True
-45352,228126,-45332,228146,True
-45252,228096,-45230,228118,True
-60456,227998,-60438,228016,-1
-54984,227954,-54962,227976,True
-50656,227872,-50626,227896,False
-49936,227930,-49908,227956,True
-49554,228402,-49530,228426,True
-48960,227998,-48936,228022,-1
-47896,227950,-47874,227974,-1
-47862,227908,-47834,227938,-1
-45062,227988,-45038,228010,-1
-44336,227904,-44312,227928,True
-48756,227826,-48728,227852,True
-48292,227794,-48268,227818,True
-48094,227766,-48070,227790,True
-46778,227774,-46756,227796,False
-46326,227776,-46306,227796,False
-45860,227816,-45840,227836,True
-46138,227854,-46120,227874,True
-45740,227876,-45722,227896,True
-44176,227822,-44152,227848,True
-58402,227658,-58378,227684,False
-48902,227776,-48880,227800,False
-44820,227744,-44794,227772,False
-44514,227702,-44490,227726,True
-59852,227610,-59826,227634,False
-58988,227514,-58964,227540,False
-53380,227568,-53358,227592,False
-50554,227598,-50524,227626,True
-46500,227632,-46480,227654,True
-46480,227538,-46460,227558,True
-60832,227362,-60806,227388,False
-60206,227430,-60180,227458,False
-58440,227422,-58412,227452,True
-54776,227510,-54754,227530,False
-54396,227454,-54370,227480,False
-48542,227360,-48516,227382,True
-47882,227498,-47864,227516,-1
-47410,227456,-47390,227476,True
-47294,227418,-47276,227438,True
-47170,227422,-47148,227444,True
-44732,227378,-44708,227404,True
-44880,227418,-44852,227442,False
-59238,227240,-59210,227270,True
-54048,227288,-54028,227308,False
-53738,227280,-53718,227302,True
-52512,227340,-52486,227366,False
-49300,227312,-49274,227338,True
-47128,227320,-47104,227344,True
-60440,227168,-60418,227188,True
-59282,227150,-59252,227180,-1
-54376,227142,-54352,227166,False
-52514,227172,-52490,227196,True
-49892,227198,-49870,227222,True
-49496,227254,-49476,227274,False
-48584,227250,-48562,227272,True
-47280,227152,-47258,227176,True
-46790,227660,-46772,227678,True
-60436,226980,-60412,227002,True
-53122,226990,-53100,227014,False
-52670,226996,-52648,227018,False
-49616,226980,-49594,227004,True
-47076,227056,-47048,227084,False
-46822,227066,-46796,227090,-1
-46624,227540,-46606,227560,False
-46522,227090,-46502,227110,True
-60172,226948,-60148,226972,False
-51388,226912,-51358,226942,-1
-47304,226858,-47282,226882,True
-46928,227346,-46906,227368,True
-46290,226928,-46262,226956,-1
-55008,226778,-54984,226802,True
-53132,226752,-53108,226774,True
-50098,226766,-50072,226790,True
-49462,226778,-49444,226798,True
-49362,226812,-49338,226836,True
-48804,226800,-48780,226826,False
-48282,226798,-48258,226822,True
-47762,226798,-47736,226822,True
-45306,226860,-45282,226884,True
-60514,226666,-60486,226696,True
-60008,226696,-59984,226720,-1
-55988,226714,-55960,226744,True
-55208,226656,-55182,226684,False
-54724,226712,-54700,226736,False
-53072,226688,-53042,226720,False
-53030,227026,-53010,227046,True
-49544,226706,-49524,226726,True
-60656,226620,-60632,226646,True
-60126,226932,-60108,226950,True
-59974,226512,-59952,226532,True
-59712,226516,-59682,226548,False
-56170,226562,-56146,226586,True
-55030,226570,-54998,226604,-1
-52450,226532,-52428,226556,False
-50972,226518,-50950,226540,False
-50112,226580,-50092,226600,True
-46686,226552,-46662,226576,False
-59660,226430,-59634,226456,True
-56988,226482,-56954,226518,False
-50206,226464,-50184,226486,True
-47822,226368,-47796,226392,False
-47458,226438,-47436,226460,True
-46226,226464,-46202,226488,True
-59146,226318,-59124,226340,True
-56062,226326,-56034,226354,True
-55146,226212,-55122,226236,-1
-53680,226298,-53656,226324,True
-50544,226688,-50520,226714,True
-49950,226326,-49926,226350,True
-47782,226332,-47754,226360,True
-46238,226322,-46216,226344,True
-59864,226160,-59848,226176,False
-51638,226114,-51616,226136,False
-51568,226144,-51542,226170,True
-51434,226146,-51410,226170,False
-47168,226134,-47150,226154,True
-47062,226154,-47042,226174,True
-44460,226138,-44444,226154,True
-56798,226036,-56764,226070,True
-56248,226026,-56224,226048,True
-53962,225984,-53938,226008,-1
-48646,226048,-48622,226070,True
-44604,226004,-44582,226026,False
-60120,225868,-60098,225892,True
-56752,225942,-56716,225978,-1
-53788,225862,-53766,225884,True
-53312,225884,-53286,225912,True
-53036,225942,-53010,225968,True
-52908,225884,-52880,225910,True
-51054,225894,-51026,225922,False
-57338,225820,-57304,225854,True
-56820,225764,-56786,225798,False
-56688,225840,-56660,225868,True
-55926,225838,-55900,225864,True
-53888,225696,-53864,225722,True
-52738,225710,-52716,225734,False
-50222,225812,-50202,225834,True
-57096,225706,-57064,225738,True
-56440,225710,-56414,225736,True
-56528,225686,-56504,225710,True
-55936,225754,-55910,225780,False
-53242,225720,-53220,225744,True
-49762,225572,-49738,225596,True
-49516,225712,-49494,225736,False
-59928,225520,-59902,225546,False
-59716,225464,-59686,225492,False
-59210,225516,-59188,225540,True
-49714,225558,-49692,225580,True
-48016,225448,-47990,225476,-1
-47718,225552,-47694,225574,True
-59708,225312,-59682,225338,False
-59752,225404,-59730,225428,False
-58002,225334,-57968,225368,-1
-52040,225790,-52022,225810,True
-51754,225898,-51734,225918,False
-51248,225312,-51222,225336,-1
-51256,225836,-51238,225852,True
-50580,225342,-50558,225366,True
-49856,225398,-49832,225420,True
-58632,225232,-58602,225262,True
-57924,225240,-57886,225278,False
-57754,225236,-57730,225260,True
-57624,225314,-57594,225344,False
-57332,225292,-57306,225318,True
-54972,225238,-54956,225256,True
-52252,225310,-52230,225330,-1
-52028,225188,-52002,225212,True
-51680,225288,-51654,225314,-1
-51186,225302,-51162,225326,True
-51016,225302,-50994,225324,True
-50082,225186,-50056,225214,-1
-50014,225236,-49992,225258,-1
-49838,225248,-49812,225272,True
-49488,225680,-49468,225700,True
-59658,225088,-59638,225110,False
-57880,225132,-57860,225154,True
-56974,225182,-56946,225212,-1
-56664,225094,-56620,225140,-1
-55902,225136,-55882,225154,True
-55346,225176,-55328,225194,True
-53376,225120,-53358,225138,False
-52848,225126,-52826,225148,False
-51514,225112,-51496,225132,False
-50952,225176,-50926,225200,False
-50698,225166,-50674,225190,False
-47938,225094,-47914,225118,-1
-45308,225184,-45286,225206,-1
-59100,224932,-59072,224960,True
-58766,225020,-58732,225056,True
-58760,224976,-58730,225008,True
-58610,224950,-58582,224978,False
-57978,225042,-57952,225070,False
-57954,224976,-57924,225008,False
-57832,224968,-57796,225004,-1
-56260,224984,-56244,225000,True
-54536,225050,-54516,225072,True
-53458,224986,-53442,225002,True
-53698,225344,-53678,225364,-1
-53206,224994,-53180,225020,-1
-53236,225034,-53210,225058,True
-51642,225070,-51620,225092,True
-50014,224928,-49986,224956,-1
-45134,225044,-45114,225062,True
-59118,224848,-59092,224876,True
-58758,224886,-58730,224916,False
-58256,224892,-58224,224924,-1
-56494,224826,-56478,224842,True
-56434,224866,-56418,224882,-1
-51010,224834,-50986,224858,False
-51006,224920,-50984,224940,True
-51240,225394,-51220,225416,True
-50042,224904,-50018,224928,True
-48944,224836,-48912,224868,False
-47782,224916,-47758,224940,-1
-59374,224776,-59352,224798,True
-59258,224722,-59238,224740,True
-59226,225238,-59202,225262,True
-58090,225210,-58064,225236,True
-57966,224800,-57938,224830,True
-57798,224730,-57768,224760,-1
-57476,224782,-57446,224814,-1
-57490,224750,-57470,224770,-1
-56466,224818,-56448,224836,True
-55484,224768,-55468,224784,True
-55382,224816,-55366,224834,True
-55338,224820,-55318,224840,True
-52186,224734,-52166,224756,True
-51266,224740,-51242,224764,True
-49542,224776,-49518,224802,True
-49402,224756,-49374,224786,False
-58540,224562,-58524,224580,True
-57400,224558,-57380,224580,-1
-51898,224564,-51876,224586,False
-51296,224626,-51276,224648,True
-50336,224652,-50312,224676,False
-47800,224614,-47780,224634,True
-46260,224620,-46238,224642,-1
-45556,224702,-45534,224724,False
-45188,224578,-45162,224604,True
-45158,224628,-45138,224648,True
-58624,224500,-58600,224522,False
-57896,224960,-57872,224984,False
-56596,224476,-56562,224508,True
-55370,224512,-55352,224530,True
-54938,224502,-54916,224524,True
-55188,224466,-55168,224486,False
-48106,225036,-48084,225056,True
-54970,224398,-54948,224420,True
-50564,224868,-50540,224890,True
-50232,224354,-50208,224378,True
-50592,224326,-50570,224348,True
-49640,224368,-49614,224392,False
-48370,224450,-48342,224478,True
-47898,224358,-47876,224382,False
-59290,224284,-59266,224310,True
-56886,224512,-56866,224534,True
-54752,224316,-54732,224338,True
-52738,224180,-52716,224200,False
-51592,224234,-51564,224264,False
-51104,224254,-51078,224282,True
-49944,224200,-49914,224228,True
-47934,224268,-47914,224288,True
-58010,224158,-57990,224178,-1
-51474,224078,-51454,224100,True
-51142,224062,-51118,224086,True
-44806,224148,-44784,224170,False
-56594,224024,-56564,224054,True
-56452,223986,-56426,224012,-1
-54968,223942,-54944,223966,True
-52020,224004,-51996,224030,-1
-52330,223960,-52308,223984,False
-50668,223956,-50642,223984,False
-50228,223988,-50208,224010,-1
-52856,223868,-52836,223890,False
-52864,223778,-52842,223800,True
-52408,223834,-52386,223854,False
-52044,223864,-52022,223886,False
-48230,223862,-48208,223884,True
-56154,224208,-56132,224228,False
-55792,224184,-55766,224210,-1
-53560,223706,-53536,223732,True
-52320,223736,-52300,223756,True
-53732,223668,-53704,223696,False
-50644,223672,-50618,223698,True
-59216,224002,-59184,224030,False
-59348,223898,-59326,223920,-1
-45874,223516,-45850,223540,False
-53774,223608,-53746,223636,False
-53594,223366,-53564,223396,-1
-45268,223296,-45244,223318,True
-57212,223148,-57172,223188,True
-53752,223018,-53720,223050,-1
-45240,223016,-45214,223042,True
-44374,223114,-44356,223134,False
-44372,223074,-44354,223092,False
-44134,223016,-44110,223040,True
-56584,222880,-56554,222912,True
-54418,222966,-54386,223000,True
-52612,222980,-52586,223006,True
-52480,222966,-52454,222994,True
-52402,222998,-52376,223024,True
-47178,223026,-47154,223050,False
-52646,223240,-52624,223260,True
-45224,222856,-45198,222880,True
-51238,222634,-51210,222660,True
-49428,222632,-49400,222660,True
-49430,222684,-49400,222714,False
-47666,222700,-47640,222724,True
-51052,222590,-51028,222616,True
-49924,222454,-49898,222484,False
-48980,222430,-48950,222460,True
-44758,222442,-44736,222464,False
-56928,222244,-56884,222288,True
-44880,222358,-44858,222380,False
-53768,222112,-53740,222140,False
-51848,222206,-51818,222238,True
-51796,222270,-51772,222294,True
-56398,222000,-56370,222028,True
-49518,221986,-49482,222022,-1
-56170,222460,-56132,222496,-1
-54684,221964,-54658,221990,True
-53800,221950,-53772,221976,True
-53256,221954,-53230,221978,True
-51330,221890,-51306,221914,False
-46038,221950,-46014,221974,False
-44764,221932,-44738,221958,False
-44108,221900,-44080,221930,True
-57876,222324,-57852,222348,-1
-57246,221856,-57218,221884,True
-54512,221854,-54486,221880,True
-52430,221778,-52402,221804,True
-50454,222344,-50426,222366,False
-46194,221740,-46168,221766,True
-56474,221718,-56448,221744,False
-55734,221764,-55710,221788,False
-48450,221710,-48428,221732,-1
-47546,221684,-47522,221708,True
-45066,221648,-45042,221672,False
-56226,221998,-56202,222024,-1
-50664,221510,-50636,221538,True
-57276,221944,-57240,221980,True
-56338,221910,-56312,221934,True
-56210,221920,-56188,221940,True
-55670,221534,-55640,221564,True
-54842,221408,-54818,221432,True
-54560,221408,-54540,221428,True
-51780,221356,-51754,221380,True
-48178,221390,-48152,221418,True
-46138,221438,-46110,221466,True
-52482,221276,-52458,221300,False
-51504,221352,-51472,221382,-1
-50662,221836,-50634,221856,True
-50032,221292,-50010,221314,True
-49228,221218,-49200,221244,True
-54936,221172,-54914,221196,True
-55530,221706,-55504,221728,True
-54880,221172,-54856,221196,False
-54700,221126,-54676,221152,True
-49384,221102,-49360,221126,True
-55160,221064,-55136,221086,True
-50282,221036,-50260,221060,True
-54432,220978,-54412,221000,False
-54074,220948,-54052,220972,False
-52804,220886,-52780,220910,-1
-49220,220936,-49198,220958,True
-45632,220910,-45610,220934,True
-50554,220792,-50530,220818,True
-49072,221274,-49052,221296,True
-56978,220650,-56946,220684,-1
-54754,220624,-54730,220646,False
-55088,220636,-55062,220662,True
-54932,220642,-54910,220664,True
-53394,220592,-53366,220618,-1
-52976,220646,-52958,220666,True
-50832,220578,-50810,220602,True
-49258,220612,-49234,220634,-1
-48344,220632,-48322,220654,True
-54374,220588,-54350,220610,True
-54120,220542,-54092,220568,True
-53838,220532,-53812,220556,True
-48792,220566,-48766,220592,True
-55198,220392,-55156,220430,True
-54126,220390,-54104,220414,True
-54036,220358,-54010,220382,-1
-53486,220376,-53460,220402,True
-51098,220384,-51074,220408,True
-47968,220352,-47946,220374,False
-46114,220408,-46092,220428,False
-55012,220278,-54978,220312,True
-53390,220772,-53366,220796,True
-52834,220292,-52810,220314,True
-48090,220316,-48068,220340,False
-45362,220192,-45338,220214,-1
-56216,220162,-56182,220200,False
-54600,220166,-54574,220192,True
-54508,220128,-54486,220150,True
-53302,220092,-53276,220120,False
-50544,220224,-50522,220246,True
-49960,220116,-49938,220140,True
-48886,220116,-48860,220142,True
-48040,220640,-48016,220664,True
-45442,220126,-45416,220154,True
-57162,220018,-57126,220054,-1
-55564,220056,-55532,220090,True
-54386,219948,-54362,219970,True
-51488,220450,-51462,220476,-1
-46776,220022,-46756,220042,True
-47068,219936,-47040,219958,True
-46550,220026,-46520,220058,True
-57684,220420,-57644,220448,False
-57066,219854,-57032,219888,True
-54910,219908,-54882,219936,True
-52250,220388,-52224,220414,False
-51718,219902,-51694,219926,True
-51156,219922,-51126,219952,False
-48590,219926,-48568,219950,True
-47876,219928,-47856,219950,True
-52202,220300,-52178,220320,False
-51032,219742,-51008,219766,True
-49194,219742,-49172,219764,True
-49532,219704,-49508,219728,False
-49044,219798,-49018,219822,False
-45332,219746,-45310,219768,True
-53606,220018,-53578,220046,True
-51816,219640,-51794,219664,True
-51264,219696,-51238,219722,False
-50086,219636,-50064,219658,True
-50024,219582,-49998,219608,-1
-49062,219578,-49036,219602,True
-45090,220132,-45070,220154,True
-45200,220140,-45180,220162,True
-55716,219532,-55688,219558,True
-49972,219428,-49946,219454,True
-48048,219518,-48018,219548,True
-45438,219532,-45410,219558,True
-52188,219452,-52164,219476,False
-51092,219424,-51066,219450,True
-50548,219376,-50526,219398,True
-49418,219360,-49394,219382,False
-49296,219384,-49272,219408,False
-48836,219748,-48812,219772,True
-48590,219368,-48570,219388,False
-47544,219326,-47518,219354,False
-56298,219282,-56270,219314,True
-52312,219726,-52292,219748,True
-51428,219214,-51402,219236,False
-50776,219260,-50756,219282,True
-48504,219236,-48480,219258,True
-47600,219264,-47574,219288,True
-46394,219202,-46372,219224,True
-56648,219110,-56622,219136,False
-54292,219106,-54262,219138,True
-50356,219084,-50332,219106,True
-49078,219088,-49056,219110,True
-48226,219046,-48204,219066,True
-47648,219108,-47624,219132,True
-46206,219656,-46176,219680,-1
-56530,218916,-56508,218940,True
-54890,219530,-54864,219550,-1
-51552,219006,-51526,219034,False
-50484,218918,-50450,218950,False
-48476,218992,-48454,219014,False
-48010,218918,-47986,218942,-1
-48040,219350,-48016,219374,False
-45024,219024,-45004,219046,True
-56268,218838,-56244,218862,True
-55970,218872,-55936,218906,True
-55674,218790,-55648,218818,True
-48976,218838,-48952,218862,True
-47510,218784,-47482,218810,False
-53276,218818,-53258,218834,-1
-53250,218728,-53234,218746,False
-53202,218708,-53182,218728,False
-51086,219098,-51064,219122,True
-50026,218662,-50004,218684,True
-48672,218784,-48646,218810,False
-48094,218760,-48072,218782,True
-47318,218720,-47302,218738,True
-56692,219106,-56666,219132,False
-56588,218986,-56564,219010,True
-56238,218644,-56210,218674,True
-51810,218570,-51786,218594,False
-50728,218606,-50706,218628,True
-50614,218658,-50590,218682,False
-50568,218608,-50542,218634,False
-49274,218528,-49246,218556,False
-46088,219000,-46068,219020,True
-56936,218786,-56914,218806,True
-56680,218494,-56658,218516,True
-54020,219004,-53994,219036,-1
-52038,218448,-52016,218470,True
-51284,218424,-51260,218448,False
-56720,218278,-56694,218302,True
-56802,218360,-56778,218386,True
-56122,218870,-56098,218894,False
-51332,218316,-51308,218340,False
-49982,218320,-49958,218344,False
-49188,218344,-49162,218372,True
-56724,218206,-56702,218230,True
-56274,218148,-56250,218172,True
-55170,218204,-55146,218230,True
-52158,218248,-52136,218270,False
-56756,218082,-56732,218104,True
-53100,218088,-53078,218110,True
-47796,218054,-47766,218086,True
-55046,218002,-55024,218026,False
-52090,217908,-52066,217932,-1
-52048,218388,-52024,218412,False
-51734,218384,-51712,218404,True
-50242,217894,-50216,217918,True
-56604,218380,-56582,218400,False
-49770,217868,-49740,217904,-1
-56310,217664,-56286,217686,True
-56596,217742,-56572,217766,False
-53378,217814,-53352,217840,True
-50500,217722,-50474,217746,True
-50274,217670,-50242,217702,True
-49758,217640,-49728,217670,True
-56376,218082,-56352,218106,False
-56162,217588,-56142,217610,True
-56152,217624,-56128,217648,True
-54386,217604,-54362,217628,False
-52490,217560,-52468,217580,True
-52586,217508,-52562,217532,True
-51108,217528,-51082,217554,True
-51482,217622,-51458,217646,True
-50642,217510,-50616,217536,-1
-48394,217510,-48362,217542,True
-52782,217482,-52756,217508,True
-51186,217434,-51162,217458,True
-50868,217992,-50838,218016,-1
-49044,217482,-49024,217502,True
-56072,217316,-56050,217340,True
-56528,217358,-56508,217380,True
-54332,217868,-54306,217888,False
-51320,217296,-51300,217316,True
-51152,217712,-51134,217732,True
-51410,217282,-51392,217298,False
-49258,217260,-49234,217284,True
-48094,217832,-48072,217856,-1
-56000,217238,-55978,217260,True
-56124,217168,-56104,217188,False
-54278,217176,-54252,217200,True
-53186,217166,-53164,217188,False
-52860,217262,-52838,217284,False
-52514,217194,-52494,217214,True
-48816,217134,-48794,217156,False
-56224,217100,-56204,217122,-1
-56164,216994,-56140,217018,False
-55866,217034,-55842,217060,True
-55850,217104,-55828,217128,False
-53604,216994,-53578,217020,True
-53268,216992,-53242,217014,False
-51762,217038,-51738,217064,True
-56036,217360,-56016,217378,True
-54856,216900,-54836,216922,True
-54120,216922,-54094,216950,True
-50370,217454,-50348,217476,True
-50018,216926,-49996,216948,-1
-55950,216856,-55924,216882,True
-53298,216834,-53272,216858,True
-55832,216672,-55810,216696,True
-56306,216760,-56286,216780,True
-55340,216658,-55318,216680,True
-50652,216878,-50628,216902,-1
-49712,216654,-49674,216692,True
-56098,216568,-56072,216592,True
-50976,216526,-50948,216552,True
-56016,216374,-55994,216396,-1
-55816,216406,-55790,216432,True
-48548,216880,-48524,216904,True
-55898,216334,-55876,216356,False
-56148,216102,-56122,216128,True
-55886,216132,-55858,216160,True
-55688,216176,-55660,216204,True
-54856,216158,-54834,216180,False
-50978,216180,-50944,216212,False
-49934,216134,-49908,216160,-1
-49606,216100,-49578,216126,True
-49264,216098,-49238,216122,True
-48622,216714,-48594,216734,False
-55826,215724,-55802,215748,True
-55706,215764,-55686,215786,True
-56130,215870,-56108,215892,True
-53212,216332,-53188,216352,False
-55872,215706,-55850,215728,True
-54590,215676,-54572,215696,True
-55006,215568,-54984,215590,False
-52074,216076,-52050,216096,-1
-49164,216032,-49142,216052,False
-55236,215906,-55210,215932,True
-55530,215478,-55506,215502,True
-54760,215442,-54738,215466,True
-54558,215350,-54532,215376,True
-54770,215242,-54748,215266,True
-54072,215230,-54052,215250,False
-55686,215124,-55658,215150,True
-54894,215080,-54872,215102,True
-54212,215238,-54190,215262,True
-55264,214944,-55236,214968,False
-54808,215336,-54786,215358,True
-55658,214676,-55634,214702,False
-54802,214566,-54778,214588,True
-55000,214686,-54978,214708,True
-55278,214490,-55252,214518,True
-55368,214500,-55346,214524,False
-55772,214360,-55748,214386,-1
-55274,214406,-55252,214428,True
-54854,214882,-54832,214904,True
-54486,214242,-54466,214262,False
-54398,214252,-54376,214274,False
-55408,214170,-55386,214194,True
-55384,214586,-55362,214610,True
-54750,214090,-54730,214110,True
-55670,214022,-55646,214046,True
-54120,214022,-54094,214048,True
-55498,214044,-55480,214060,False
-55342,214132,-55324,214152,True
-54432,214054,-54412,214076,True
