-31702,267570,-31682,267590,False
-31840,267556,-31818,267582,-1
-31130,267760,-31102,267788,False
-30882,267826,-30862,267846,True
-30712,267824,-30692,267844,True
-30618,267790,-30594,267812,False
-33046,267268,-33024,267290,False
-32588,267164,-32568,267182,True
-30484,267232,-30462,267254,False
-32726,266974,-32706,266994,False
-31006,266892,-30978,266920,True
-33944,266732,-33926,266748,True
-33692,266622,-33668,266646,False
-33748,266654,-33728,266672,False
-33372,266662,-33346,266686,True
-31652,267152,-31634,267170,False
-32160,266586,-32136,266608,True
-31142,266472,-31118,266496,True
-33708,266422,-33688,266442,True
-33430,266418,-33410,266438,False
-33098,266448,-33076,266470,False
-31670,266760,-31648,266782,False
-30198,266794,-30178,266814,True
-30112,266388,-30096,266404,True
-33494,266668,-33472,266692,True
-31892,266210,-31868,266234,True
-31578,266728,-31558,266748,False
-33964,266170,-33946,266188,True
-31850,266160,-31830,266182,True
-31176,266168,-31148,266196,-1
-30484,266166,-30446,266204,True
-40566,265958,-40540,265984,True
-35848,265906,-35828,265926,True
-34194,265862,-34174,265884,False
-41162,265754,-41140,265776,-1
-40754,265810,-40734,265830,True
-40652,265712,-40628,265736,True
-40192,265802,-40170,265826,False
-39378,265810,-39360,265830,-1
-37858,265808,-37836,265830,True
-37406,265708,-37378,265734,False
-37488,265746,-37462,265770,True
-35414,265700,-35388,265728,True
-40764,265640,-40746,265662,False
-37812,265574,-37788,265598,True
-33066,265666,-33046,265684,-1
-31072,265654,-31042,265682,False
-41072,265500,-41048,265524,-1
-40798,265522,-40778,265542,True
-40722,265498,-40704,265516,True
-40108,265544,-40082,265568,-1
-39980,265472,-39958,265496,True
-37644,265520,-37620,265542,True
-37040,265556,-37016,265580,True
-36098,265526,-36076,265548,True
-35814,265460,-35788,265488,False
-35664,265448,-35638,265476,True
-31370,265520,-31348,265542,True
-30946,265474,-30924,265496,True
-30646,265504,-30620,265530,True
-30322,265540,-30304,265558,True
-41736,265322,-41708,265352,True
-41008,265374,-40984,265398,True
-39890,265384,-39868,265406,True
-38654,265378,-38632,265400,True
-34214,265378,-34188,265404,True
-32784,265344,-32764,265364,True
-31330,265446,-31308,265470,-1
-42348,265240,-42328,265262,True
-41244,265322,-41210,265356,True
-39836,265288,-39814,265310,False
-33472,265220,-33446,265248,False
-30924,265270,-30906,265288,True
-40896,265068,-40874,265092,-1
-40520,265060,-40496,265084,False
-40106,265598,-40082,265622,-1
-40338,265576,-40316,265596,False
-39252,265132,-39226,265158,-1
-36040,265146,-36020,265168,True
-35384,265178,-35366,265196,False
-34732,265200,-34710,265222,False
-31478,265112,-31458,265132,True
-30280,265162,-30262,265178,False
-42266,264978,-42244,265000,True
-35166,265006,-35140,265034,False
-32794,264978,-32772,265002,-1
-32400,264964,-32374,264990,True
-32242,265030,-32218,265054,True
-40998,264882,-40978,264902,True
-39742,265376,-39720,265400,True
-39028,264906,-39012,264922,False
-35904,264830,-35884,264850,True
-42010,264758,-41988,264780,-1
-40980,265156,-40962,265176,False
-39764,264708,-39746,264726,False
-39348,264704,-39328,264724,False
-30182,264798,-30164,264816,True
-39340,264650,-39318,264670,False
-37594,264590,-37576,264608,True
-32654,265056,-32632,265078,True
-32138,264612,-32114,264634,True
-42410,264500,-42378,264532,False
-42328,264452,-42292,264490,-1
-42148,264484,-42128,264504,True
-40294,264538,-40276,264556,False
-40072,264490,-40050,264514,True
-39654,264496,-39632,264518,True
-37810,264420,-37780,264448,False
-32512,264574,-32494,264592,False
-30782,264520,-30764,264540,False
-30616,264534,-30594,264556,True
-40586,264352,-40570,264368,True
-38482,264370,-38464,264388,True
-38668,264356,-38650,264374,True
-30782,264370,-30760,264392,True
-40674,264204,-40658,264220,True
-40550,264202,-40532,264220,True
-38206,264192,-38186,264212,True
-38116,264194,-38096,264212,False
-32216,264258,-32198,264278,True
-30220,264224,-30196,264246,True
-30722,264104,-30702,264122,True
-43918,263942,-43896,263964,True
-41194,263992,-41174,264010,-1
-36382,263970,-36358,263994,False
-34492,264328,-34472,264350,-1
-32416,263958,-32390,263984,True
-30880,264466,-30858,264488,True
-43506,263912,-43484,263934,False
-43926,263822,-43906,263844,True
-42958,263920,-42936,263942,False
-41554,263878,-41536,263896,True
-41016,263896,-40994,263916,False
-40456,263922,-40430,263948,True
-39788,263810,-39766,263832,True
-38850,263808,-38824,263834,True
-32082,263782,-32056,263808,True
-31030,263790,-31008,263812,True
-43954,263696,-43932,263716,True
-36464,263724,-36442,263746,True
-30578,263698,-30558,263718,False
-30356,263770,-30334,263790,False
-41662,263674,-41644,263692,-1
-41694,263526,-41672,263548,False
-40736,263608,-40718,263626,True
-35858,263608,-35832,263634,True
-34482,263608,-34462,263628,False
-33550,263520,-33518,263548,False
-32982,263590,-32962,263610,True
-31076,263580,-31056,263602,False
-30290,263600,-30272,263618,False
-43474,263512,-43452,263534,-1
-41440,263428,-41418,263450,-1
-41434,263496,-41416,263514,False
-40326,263558,-40310,263574,True
-36986,263400,-36962,263424,True
-34162,263522,-34138,263548,False
-30184,263402,-30158,263428,False
-42182,263324,-42160,263346,True
-42152,263320,-42134,263338,True
-35562,263368,-35544,263386,True
-43914,263258,-43890,263282,True
-43162,263138,-43136,263164,True
-43084,263174,-43058,263200,True
-42620,263160,-42594,263188,-1
-41664,263222,-41646,263242,True
-35316,263144,-35292,263166,True
-34136,263170,-34106,263200,True
-33570,263218,-33546,263242,True
-42154,263048,-42130,263072,True
-38582,263068,-38560,263088,False
-34018,263628,-33992,263648,-1
-30738,263104,-30718,263124,False
-30276,263160,-30252,263180,True
-40810,262898,-40782,262926,True
-38414,262976,-38396,262994,False
-41822,263284,-41804,263300,True
-36574,262834,-36552,262856,False
-35354,262672,-35328,262698,False
-35014,262720,-34992,262742,True
-34494,262718,-34474,262738,True
-33842,262780,-33814,262806,False
-33302,262638,-33274,262666,True
-30692,262682,-30674,262700,True
-30340,262744,-30318,262768,True
-43640,262632,-43618,262652,False
-34546,262672,-34526,262694,True
-41732,262446,-41710,262470,True
-41198,262886,-41180,262906,True
-41292,262342,-41266,262366,True
-34046,262324,-34016,262354,False
-31224,262308,-31196,262336,True
-43654,262592,-43630,262616,True
-43936,262120,-43916,262140,False
-37188,262122,-37160,262148,False
-34182,262202,-34158,262224,True
-33612,262176,-33590,262196,False
-43932,262058,-43912,262078,True
-42200,262068,-42174,262094,True
-38674,262006,-38648,262032,True
-38624,261990,-38600,262014,-1
-37572,262034,-37554,262054,-1
-35230,262460,-35210,262480,False
-35182,262492,-35162,262512,-1
-43862,261878,-43834,261904,-1
-41726,262350,-41704,262370,True
-37422,261956,-37394,261984,False
-30274,261890,-30254,261910,True
-42210,261806,-42186,261830,True
-42044,261802,-42014,261832,True
-41620,261774,-41592,261802,False
-41544,262334,-41520,262356,False
-35694,261778,-35674,261800,False
-34494,262192,-34474,262212,True
-34396,262144,-34376,262164,True
-42314,261746,-42288,261772,True
-41584,261606,-41558,261632,False
-38626,261714,-38606,261734,False
-38064,262222,-38038,262238,True
-33554,261646,-33526,261674,True
-30504,261684,-30486,261704,True
-42360,261612,-42330,261642,False
-42166,261582,-42142,261606,True
-41568,261574,-41544,261600,True
-30242,261548,-30224,261566,False
-32194,261948,-32148,261982,False
-41622,261302,-41598,261326,True
-31830,261286,-31802,261312,True
-31756,261286,-31728,261316,False
-42796,261172,-42770,261198,True
-42352,261168,-42332,261188,True
-42290,261226,-42264,261252,True
-41772,261136,-41752,261156,True
-41206,261146,-41182,261168,True
-33628,261130,-33590,261168,True
-42312,261454,-42292,261476,True
-42296,261082,-42274,261102,True
-42110,261004,-42084,261030,-1
-39854,261018,-39828,261044,False
-38746,260972,-38724,260994,False
-36994,260992,-36974,261012,True
-36430,260984,-36412,261004,True
-34354,261036,-34330,261060,True
-42204,261350,-42182,261374,False
-37646,260962,-37626,260984,False
-34892,260952,-34868,260976,True
-34144,260976,-34114,261010,True
-32806,261394,-32786,261414,True
-34010,260756,-33982,260786,-1
-31208,260766,-31180,260794,True
-42968,260692,-42940,260720,True
-42798,260640,-42776,260662,True
-42466,260632,-42444,260654,False
-37904,261140,-37888,261158,False
-30270,260688,-30254,260706,False
-42966,260560,-42946,260578,True
-42502,260552,-42478,260572,True
-40608,260548,-40582,260574,True
-38926,261062,-38896,261086,False
-30176,260514,-30156,260536,True
-42662,260446,-42642,260466,True
-40868,260472,-40846,260496,True
-34006,260414,-33986,260436,-1
-33588,260408,-33572,260426,False
-30804,260406,-30784,260426,False
-42710,260774,-42688,260796,False
-37686,260312,-37662,260336,True
-40598,260156,-40578,260178,True
-30622,260232,-30604,260250,True
-42972,260032,-42950,260054,-1
-42776,260038,-42754,260060,True
-41242,259994,-41220,260016,-1
-30766,260376,-30746,260396,True
-42324,259888,-42294,259918,True
-42118,259910,-42098,259930,True
-40986,259850,-40964,259872,True
-42780,259798,-42762,259816,True
-43232,259686,-43208,259708,-1
-41592,259762,-41570,259786,True
-40884,259746,-40862,259766,False
-39348,259616,-39322,259642,True
-30048,259582,-30028,259602,True
-43134,259504,-43112,259526,True
-42058,259898,-42036,259918,False
-41810,259520,-41788,259542,False
-41794,259446,-41772,259470,True
-41300,259464,-41280,259484,False
-31458,259480,-31436,259500,True
-43134,259350,-43112,259372,False
-41592,259328,-41568,259352,False
-41568,259422,-41544,259444,False
-40804,259360,-40784,259380,-1
-40780,259340,-40758,259364,True
-40382,259344,-40364,259362,True
-30848,259344,-30826,259366,True
-43328,259252,-43304,259274,True
-36350,259236,-36326,259262,False
-31982,259110,-31958,259134,True
-41550,258948,-41528,258968,False
-41862,259454,-41842,259474,False
-36718,258918,-36692,258942,False
-43998,258864,-43978,258886,True
-37516,258888,-37496,258908,True
-36406,258830,-36384,258852,True
-35990,258910,-35972,258930,False
-36042,258802,-36016,258830,True
-42852,258702,-42826,258728,True
-41786,258696,-41764,258720,False
-40940,258742,-40920,258762,True
-36074,258716,-36050,258742,False
-35990,258740,-35966,258766,True
-41968,258536,-41942,258562,True
-41346,258628,-41328,258646,True
-42132,258512,-42110,258534,True
-41050,258950,-41030,258972,False
-38918,258422,-38892,258446,True
-43908,258352,-43884,258374,False
-41628,258340,-41606,258360,False
-42946,258630,-42924,258652,True
-43886,258142,-43864,258164,True
-38326,258126,-38306,258148,True
-31104,258122,-31084,258140,False
-43636,257902,-43610,257928,True
-43764,257974,-43742,257996,True
-36530,258468,-36514,258484,False
-41282,257902,-41260,257924,True
-41204,257870,-41184,257888,True
-40404,257860,-40378,257886,True
-39950,257826,-39932,257844,True
-39764,257804,-39744,257822,-1
-38024,257864,-38002,257886,-1
-34988,257792,-34970,257812,False
-43388,257714,-43370,257732,True
-35334,257506,-35308,257532,True
-34762,257586,-34738,257608,False
-34580,257544,-34558,257566,False
-34528,257520,-34508,257542,False
-43398,257454,-43376,257476,False
-43600,257382,-43574,257408,True
-43322,257464,-43300,257486,True
-40788,257510,-40770,257528,False
-35610,257442,-35592,257460,False
-34048,257442,-34022,257470,False
-34010,257488,-33990,257508,-1
-43174,257254,-43150,257280,True
-37770,257268,-37746,257292,True
-34516,257708,-34494,257732,False
-38782,257156,-38756,257182,True
-37842,257200,-37820,257222,False
-35234,257186,-35214,257206,False
-34344,257224,-34324,257246,False
-33904,257198,-33882,257220,False
-40826,257000,-40804,257024,True
-35430,257020,-35406,257044,False
-43394,256904,-43370,256928,False
-36434,256940,-36410,256966,False
-35338,256968,-35320,256986,False
-43308,256800,-43288,256820,True
-40256,256830,-40228,256854,True
-34486,256810,-34462,256836,True
-40698,256654,-40672,256680,True
-36450,256730,-36430,256752,False
-34714,256664,-34694,256684,False
-42118,256574,-42098,256594,True
-35206,256582,-35188,256600,True
-34614,256570,-34592,256592,True
-43156,256354,-43128,256380,True
-41936,256434,-41914,256458,True
-38808,256408,-38784,256432,False
-35750,256392,-35720,256422,True
-33792,256404,-33770,256426,True
-33114,256442,-33092,256466,-1
-43872,256302,-43844,256330,-1
-41598,256288,-41572,256314,-1
-38876,256346,-38854,256368,False
-37598,256260,-37578,256280,False
-36532,256348,-36510,256368,True
-34494,256282,-34472,256304,-1
-33804,256756,-33778,256780,True
-33644,256360,-33620,256384,True
-41704,256138,-41674,256168,True
-37696,256226,-37678,256246,False
-35684,256618,-35664,256638,False
-34946,256184,-34922,256206,True
-34060,256114,-34040,256134,False
-33762,256214,-33740,256236,False
-33608,256200,-33584,256224,True
-42130,256072,-42106,256096,True
-35642,256088,-35624,256108,False
-34946,256010,-34924,256032,False
-34244,256032,-34226,256050,False
-32772,256032,-32752,256052,-1
-32736,256008,-32718,256028,True
-31106,256082,-31088,256100,False
-30972,256056,-30954,256074,False
-43002,255932,-42978,255956,True
-42712,255968,-42690,255988,-1
-42128,255954,-42110,255972,False
-36968,255862,-36948,255884,True
-35026,255940,-35010,255956,True
-34378,255882,-34358,255900,True
-33332,255904,-33310,255926,-1
-33318,255872,-33290,255898,True
-42004,255822,-41982,255846,-1
-41954,255792,-41936,255810,False
-36388,255854,-36370,255874,False
-36202,255830,-36178,255854,True
-34854,255780,-34836,255798,True
-33626,255786,-33608,255804,False
-33244,255838,-33224,255860,False
-32550,255778,-32530,255800,True
-31712,255724,-31690,255748,False
-30842,255802,-30818,255826,False
-41690,255624,-41672,255642,True
-41336,255630,-41314,255650,True
-37112,255700,-37094,255720,True
-33990,255618,-33968,255640,False
-33898,255586,-33876,255610,True
-33600,255722,-33584,255738,True
-31022,255728,-31002,255748,False
-30728,255640,-30696,255672,True
-36292,255462,-36270,255488,True
-34996,255578,-34980,255596,True
-34974,255550,-34958,255566,False
-33988,255948,-33966,255970,False
-34194,255956,-34176,255974,-1
-30650,255500,-30628,255522,True
-30494,255502,-30472,255522,False
-41238,255398,-41218,255418,True
-38590,255410,-38570,255430,False
-34028,255474,-34008,255492,True
-34006,255376,-33986,255396,-1
-33934,255466,-33916,255482,True
-33878,255378,-33860,255396,False
-33830,255400,-33812,255418,False
-32090,255408,-32068,255432,True
-43774,255302,-43754,255322,True
-41962,255370,-41944,255390,-1
-38252,255338,-38228,255362,False
-36488,255276,-36468,255296,False
-36320,255284,-36296,255306,False
-35902,255202,-35876,255228,True
-35464,255306,-35446,255326,False
-33484,255248,-33464,255270,True
-43348,255178,-43328,255200,False
-41752,255168,-41732,255188,True
-41398,255086,-41376,255108,False
-38340,255574,-38318,255598,False
-34144,255202,-34126,255222,False
-32722,255200,-32702,255220,False
-30118,255156,-30098,255178,True
-43668,255008,-43652,255026,False
-43340,254984,-43318,255006,True
-41982,255064,-41962,255084,False
-41524,255436,-41504,255456,True
-41016,255094,-40990,255120,True
-34426,254998,-34406,255018,True
-42160,254948,-42138,254970,True
-36164,254904,-36144,254924,False
-34938,254886,-34912,254912,True
-32216,254888,-32196,254910,False
-30484,255320,-30462,255342,True
-43984,254806,-43956,254832,True
-43490,254786,-43468,254808,False
-43286,254840,-43264,254862,False
-40050,254770,-40030,254788,False
-34948,254768,-34924,254792,True
-34750,254812,-34710,254850,False
-34682,254740,-34656,254766,True
-34502,254858,-34480,254880,False
-32950,254844,-32928,254866,-1
-30438,255246,-30420,255264,False
-43710,254658,-43688,254680,True
-38852,254666,-38832,254686,False
-38550,254596,-38528,254618,True
-38630,254646,-38612,254666,False
-38334,254648,-38312,254668,True
-38002,254640,-37978,254664,-1
-35862,254562,-35838,254586,False
-34172,254562,-34148,254588,True
-32874,254602,-32854,254622,False
-31502,254658,-31480,254682,False
-31110,254700,-31092,254718,True
-30472,254686,-30452,254708,True
-43760,254558,-43732,254584,True
-38360,254544,-38338,254568,True
-37288,254488,-37268,254508,False
-32894,254616,-32876,254636,False
-39800,254864,-39776,254892,False
-39114,254352,-39092,254374,False
-38600,254386,-38580,254406,False
-38500,254456,-38478,254478,False
-33046,254858,-33032,254874,False
-43764,254176,-43738,254202,True
-39024,254314,-39006,254330,False
-35314,254256,-35290,254282,True
-34634,254210,-34612,254230,False
-39866,254096,-39842,254120,True
-38734,254052,-38712,254076,True
-37458,254122,-37436,254144,False
-35936,254208,-35916,254230,False
-32524,254568,-32506,254586,False
-40518,254048,-40492,254074,True
-38800,254026,-38782,254044,False
-38784,254066,-38766,254084,False
-37396,253924,-37370,253950,True
-36764,254038,-36738,254064,False
-35672,254032,-35650,254052,-1
-35250,254008,-35230,254030,False
-43544,253908,-43508,253944,False
-38772,253886,-38754,253904,False
-38702,253920,-38682,253940,True
-38754,253902,-38732,253922,False
-34692,253890,-34672,253912,False
-33712,254350,-33694,254368,False
-39356,253726,-39338,253744,False
-38510,253804,-38490,253826,True
-36894,253702,-36868,253726,True
-33362,254154,-33342,254174,False
-33230,253794,-33208,253816,False
-30324,253636,-30304,253656,False
-39124,253414,-39100,253438,True
-36334,253412,-36312,253434,False
-34042,253502,-34018,253526,True
-31114,253510,-31092,253532,False
-39152,253396,-39128,253418,True
-33654,253324,-33632,253346,True
-38674,253238,-38652,253260,True
-36912,253158,-36888,253182,False
-36524,253246,-36500,253270,False
-36562,253216,-36540,253240,True
-35710,253278,-35690,253300,True
-30792,253168,-30748,253216,True
-39730,253040,-39706,253064,False
-37002,253110,-36982,253130,False
-35932,253052,-35908,253076,True
-30704,253170,-30684,253192,False
-39252,253386,-39232,253408,False
-38478,252990,-38458,253010,True
-36828,252928,-36804,252952,True
-34100,252978,-34078,253000,False
-37634,252854,-37604,252884,False
-36920,252898,-36902,252916,False
-36954,252818,-36926,252846,False
-36640,253174,-36620,253194,True
-41822,252556,-41794,252586,True
-39948,252614,-39928,252634,True
-39846,252594,-39826,252616,True
-39792,252622,-39770,252644,False
-39494,252634,-39474,252654,True
-39222,252688,-39204,252708,False
-32452,252534,-32428,252558,False
-41894,252264,-41870,252290,True
-40136,252328,-40114,252350,False
-40006,252298,-39984,252320,-1
-31348,252276,-31330,252294,False
-39640,252244,-39618,252268,False
-31914,252198,-31890,252222,False
-41928,252060,-41906,252082,False
-38420,252046,-38402,252064,False
-31144,252044,-31124,252062,True
-34628,251800,-34610,251818,True
-41748,251728,-41726,251750,-1
-36072,251660,-36052,251680,-1
-43488,251518,-43466,251540,True
-37674,251600,-37654,251620,True
-40550,251502,-40532,251522,True
-40606,251486,-40586,251506,False
-40032,251476,-40008,251500,True
-38254,251404,-38230,251428,True
-34362,251474,-34342,251494,False
-33622,251454,-33600,251476,True
-31834,251372,-31810,251396,False
-40532,251320,-40510,251342,True
-36682,251186,-36662,251206,False
-30814,251168,-30794,251188,True
-31120,251188,-31100,251210,False
-30648,251150,-30628,251170,True
-30410,251192,-30390,251212,-1
-43960,250976,-43936,250994,True
-43340,251086,-43316,251110,True
-38988,251058,-38970,251078,True
-36544,251010,-36524,251030,False
-30244,251078,-30224,251098,True
-42508,250866,-42482,250892,False
-38740,250854,-38716,250878,True
-34828,250894,-34808,250914,False
-43814,250754,-43796,250772,False
-43738,250730,-43712,250754,True
-41780,250826,-41756,250852,True
-33044,250762,-33022,250784,True
-34530,250596,-34506,250620,True
-30098,250634,-30076,250656,True
-34702,250536,-34678,250560,True
-30090,250522,-30056,250554,True
-38222,250410,-38196,250438,True
-32514,250958,-32488,250976,False
-30090,250844,-30070,250864,True
-37118,250266,-37100,250286,False
-36898,250334,-36872,250360,False
-34066,250368,-34042,250394,True
-31288,250310,-31262,250336,True
-38526,250104,-38506,250124,False
-36166,250092,-36144,250116,False
-30692,250076,-30676,250092,True
-43286,249852,-43266,249874,True
-41406,249854,-41386,249874,True
-31104,250362,-31086,250380,False
-30694,249878,-30676,249896,True
-30844,249968,-30826,249986,True
-30364,249840,-30346,249860,False
-30298,249868,-30280,249886,True
-43304,249760,-43286,249780,False
-43180,249778,-43162,249798,True
-40588,249738,-40570,249756,True
-41824,249686,-41800,249714,False
-43396,249456,-43372,249480,True
-35494,249552,-35476,249572,True
-30650,249574,-30634,249590,False
-30238,249504,-30216,249526,True
-30284,249482,-30264,249504,True
-35606,249380,-35582,249402,False
-30578,249382,-30562,249398,False
-30486,249358,-30468,249376,False
-30340,249438,-30322,249458,True
-30530,249338,-30514,249354,False
-30818,249328,-30802,249342,False
-30220,249274,-30202,249292,False
-30236,249248,-30220,249266,False
-39034,249112,-39014,249134,False
-35280,249138,-35254,249166,True
-34842,249098,-34818,249122,True
-30772,249196,-30740,249228,False
-30368,249210,-30352,249228,False
-30288,249442,-30272,249458,False
-30046,249056,-30010,249082,True
-35300,249042,-35276,249064,False
-30850,249002,-30830,249020,False
-40630,248884,-40608,248906,-1
-30786,248952,-30772,248966,True
-30740,248876,-30722,248894,-1
-30244,248894,-30228,248912,False
-30164,248854,-30146,248872,True
-30532,248576,-30516,248594,False
-37002,248524,-36978,248550,False
-31306,248536,-31284,248558,True
-30950,248438,-30930,248458,False
-34438,248366,-34416,248388,True
-30250,248294,-30220,248326,False
-43792,248246,-43768,248270,-1
-43094,248078,-43074,248100,True
-42024,248156,-41992,248188,-1
-43780,248006,-43756,248030,False
-43166,248028,-43140,248052,False
-41948,247778,-41920,247806,True
-36540,247780,-36512,247810,False
-34812,247784,-34786,247808,True
-43168,247688,-43142,247712,True
-35702,247694,-35680,247716,True
-35502,247664,-35478,247686,True
-34524,247554,-34510,247570,True
-43484,247406,-43460,247430,True
-42024,247528,-41996,247556,-1
-36636,247938,-36614,247958,False
-35910,247482,-35888,247506,True
-35590,247422,-35566,247446,False
-30544,247414,-30522,247436,False
-40452,247300,-40434,247318,True
-39246,247274,-39224,247294,False
-39158,247270,-39140,247290,True
-37140,247292,-37120,247312,True
-35456,247324,-35432,247348,False
-34834,247364,-34810,247388,True
-32148,247386,-32122,247412,False
-30192,247324,-30172,247346,False
-32352,247234,-32328,247258,False
-30274,247276,-30256,247292,True
-30182,247168,-30162,247186,True
-41074,247056,-41046,247082,-1
-40414,247050,-40394,247070,True
-36014,247094,-35992,247116,-1
-36064,247118,-36042,247140,True
-35834,247078,-35812,247100,True
-42210,246974,-42186,246998,True
-41958,246934,-41938,246956,False
-35424,247028,-35406,247044,True
-34404,246976,-34386,246996,True
-31256,246880,-31230,246908,-1
-35528,246846,-35508,246868,True
-37790,247198,-37770,247218,True
-30708,246694,-30688,246714,False
-33700,246668,-33682,246686,False
-30356,246456,-30332,246480,False
-42544,246262,-42522,246284,False
-42494,246372,-42472,246394,True
-42434,246296,-42414,246316,False
-42430,246246,-42404,246272,True
-35568,246288,-35544,246312,True
-32032,246358,-31998,246394,-1
-42320,246196,-42304,246210,False
-33422,246162,-33400,246184,-1
-38938,246512,-38918,246530,-1
-36634,246068,-36612,246092,True
-36140,246096,-36112,246126,True
-33432,246090,-33412,246112,True
-30950,246134,-30930,246154,False
-42438,246390,-42420,246408,False
-38846,246344,-38828,246362,True
-43360,245730,-43336,245754,True
-37514,246218,-37496,246236,False
-30806,245784,-30784,245806,False
-40572,246024,-40554,246042,True
-40588,245632,-40564,245654,False
-36334,245524,-36312,245546,True
-34930,245486,-34906,245510,False
-30242,245524,-30216,245548,False
-35482,245456,-35460,245480,False
-31862,245464,-31842,245484,True
-39390,245318,-39370,245338,True
-37330,245220,-37304,245244,False
-31416,245344,-31396,245362,False
-39198,245230,-39180,245250,False
-39208,245118,-39188,245138,True
-39144,245172,-39126,245190,False
-39104,245130,-39082,245150,True
-36926,245160,-36906,245178,True
-37712,245052,-37692,245074,False
-36610,245048,-36590,245070,False
-37194,244898,-37176,244918,True
-36252,244870,-36232,244890,False
-41044,244800,-41024,244822,True
-40580,244764,-40554,244790,True
-37478,244766,-37454,244790,True
-32474,244770,-32454,244790,False
-30654,244824,-30634,244842,False
-31614,244678,-31594,244700,False
-33504,244566,-33482,244586,True
-30818,244530,-30798,244548,False
-41396,244472,-41374,244494,-1
-37424,244846,-37408,244864,False
-37256,244912,-37236,244932,False
-35966,244446,-35946,244466,False
-32054,244428,-32030,244452,False
-44000,244266,-43974,244294,False
-37564,244698,-37546,244716,False
-36534,244272,-36508,244296,False
-36508,244126,-36484,244150,False
-31402,244146,-31378,244172,True
-33926,244024,-33904,244048,True
-32096,243954,-32070,243980,-1
-31446,244102,-31422,244126,False
-43650,243872,-43622,243900,False
-35656,244362,-35638,244380,False
-34304,243886,-34282,243908,True
-32276,243856,-32250,243880,True
-31458,243836,-31434,243860,False
-31406,243844,-31384,243866,True
-43818,243724,-43792,243750,False
-34404,243800,-34380,243824,-1
-33024,243820,-33000,243842,True
-38006,243590,-37986,243610,-1
-37590,243582,-37570,243602,True
-32074,243608,-32054,243630,False
-39610,243490,-39590,243510,False
-39570,243518,-39548,243540,True
-39630,243430,-39606,243454,True
-38110,243542,-38090,243562,False
-36980,243464,-36958,243486,False
-35188,243488,-35164,243510,False
-32420,243528,-32398,243550,True
-32182,243430,-32162,243450,True
-43488,243306,-43464,243330,True
-34360,243822,-34340,243844,False
-32550,243390,-32530,243410,False
-32460,243200,-32434,243224,False
-39712,243186,-39690,243210,True
-30948,242976,-30926,242996,True
-42750,242788,-42722,242816,False
-42244,242912,-42222,242934,False
-37254,242934,-37234,242956,True
-30802,242906,-30782,242926,False
-31022,242782,-31002,242802,-1
-40038,242580,-40020,242600,False
-32842,242632,-32820,242654,False
-37742,242504,-37724,242524,False
-31298,242476,-31272,242500,-1
-31720,242874,-31694,242900,-1
-31418,242350,-31396,242370,-1
-31686,242334,-31666,242354,False
-30634,242370,-30614,242390,False
-30276,242280,-30252,242302,False
-41506,242226,-41486,242246,False
-39816,242204,-39794,242226,-1
-36464,242176,-36446,242196,False
-30450,242278,-30428,242300,False
-32552,242162,-32528,242186,False
-32110,242178,-32090,242198,False
-36844,241916,-36824,241934,-1
-34784,242504,-34758,242528,False
-34120,242022,-34098,242044,False
-41520,242280,-41500,242300,True
-34796,242168,-34772,242192,False
-32474,241912,-32450,241936,False
-40718,241640,-40694,241664,True
-40324,241638,-40298,241664,-1
-35266,241674,-35248,241692,True
-32720,241732,-32692,241758,True
-30784,242160,-30764,242180,False
-30360,241662,-30338,241684,-1
-33892,241460,-33874,241478,False
-31878,241414,-31858,241436,-1
-40796,241186,-40776,241206,False
-35670,241148,-35646,241170,True
-43862,241114,-43840,241136,True
-41626,241588,-41602,241612,False
-33100,241458,-33078,241478,False
-32910,241606,-32876,241632,-1
-31154,241064,-31128,241090,-1
-33566,240918,-33548,240938,True
-33544,240902,-33524,240922,True
-33058,240890,-33034,240916,False
-32684,240908,-32664,240930,True
-35358,240900,-35340,240918,False
-40260,240706,-40238,240728,True
-36584,240692,-36566,240710,False
-35368,240722,-35352,240740,-1
-33552,240686,-33534,240704,True
-30216,240614,-30192,240636,True
-30054,240724,-30026,240754,True
-43012,240632,-42992,240652,False
-41660,240566,-41636,240592,False
-33430,240566,-33410,240586,False
-42886,240410,-42864,240432,True
-33406,240466,-33378,240494,True
-33364,240486,-33346,240504,True
-33194,240374,-33174,240396,True
-32798,240520,-32776,240542,True
-32798,240474,-32780,240494,False
-32844,240466,-32824,240488,True
-40312,240692,-40288,240716,False
-38126,240272,-38102,240296,-1
-33474,240400,-33452,240422,True
-33436,240752,-33416,240772,False
-33586,240726,-33568,240744,True
-35826,240206,-35806,240224,False
-34362,240204,-34334,240234,False
-33930,240122,-33912,240140,True
-32510,240592,-32490,240614,False
-40744,240002,-40716,240032,False
-33510,240026,-33484,240052,True
-31304,240052,-31282,240074,False
-35320,239970,-35302,239988,False
-33490,239856,-33468,239876,True
-33294,239904,-33274,239924,False
-30056,239950,-30034,239970,False
-42458,240230,-42432,240256,False
-36550,239770,-36534,239786,False
-33530,239784,-33504,239812,True
-41050,239610,-41030,239632,False
-33556,239718,-33536,239738,True
-33262,240144,-33240,240166,False
-30396,239488,-30376,239508,False
-30146,239470,-30122,239492,False
-42670,239472,-42648,239494,False
-35846,239404,-35822,239428,False
-33688,239454,-33668,239474,True
-33710,239332,-33688,239354,False
-33542,239418,-33522,239438,True
-41436,239174,-41416,239194,False
-35620,239136,-35598,239158,True
-32462,239098,-32440,239122,True
-36512,238994,-36492,239016,False
-36550,239068,-36528,239090,False
-36036,238996,-36018,239014,False
-35276,239048,-35256,239068,True
-31926,238944,-31904,238968,-1
-31680,238822,-31658,238842,True
-40464,238790,-40434,238818,False
-30714,238832,-30694,238852,True
-37596,238586,-37574,238608,False
-34530,238456,-34512,238476,False
-40074,238378,-40056,238396,True
-31920,238450,-31902,238470,-1
-43000,238226,-42964,238264,False
-38938,237594,-38916,237616,True
-42506,237482,-42488,237502,True
-38120,237638,-38098,237660,True
-30072,237174,-30048,237200,True
-42336,237124,-42318,237142,True
-42512,236946,-42492,236968,False
-42320,237002,-42302,237020,True
-40914,236960,-40888,236986,False
-40160,237002,-40136,237028,False
-31284,236972,-31260,236994,True
-43196,236724,-43174,236744,True
-40568,237130,-40540,237152,False
-30412,236664,-30392,236686,True
-41898,236264,-41866,236298,True
-41798,236368,-41776,236392,False
-37286,236370,-37260,236394,True
-42318,235784,-42296,235806,True
-33056,235750,-33034,235774,True
-31788,235752,-31764,235776,-1
-30346,235762,-30330,235780,True
-42378,235774,-42356,235798,True
-41142,235652,-41120,235672,False
-34212,235672,-34186,235698,True
-33946,235738,-33924,235760,True
-33632,235608,-33610,235630,True
-32932,235542,-32906,235570,False
-36038,235458,-36012,235484,True
-38488,235370,-38468,235392,True
-38382,235720,-38356,235744,False
-37368,235236,-37344,235262,True
-37200,235240,-37174,235268,True
-30208,235294,-30184,235318,False
-42876,235042,-42858,235060,False
-42742,235014,-42720,235036,True
-38260,235022,-38236,235046,True
-37902,235070,-37882,235092,True
-32342,235036,-32320,235058,True
-41296,234914,-41270,234940,-1
-38822,234902,-38802,234924,True
-38238,234974,-38216,234994,True
-33220,234952,-33202,234970,-1
-33184,234976,-33164,234994,-1
-32614,234952,-32594,234972,False
-39026,234720,-38994,234754,False
-37474,234798,-37450,234824,True
-37060,234732,-37032,234760,True
-31488,234796,-31460,234824,False
-33974,234684,-33956,234702,-1
-33690,234746,-33674,234760,False
-35264,234490,-35240,234514,False
-40680,234420,-40658,234442,True
-38358,234340,-38332,234366,False
-38182,234944,-38162,234964,True
-38238,234944,-38218,234964,True
-33746,234376,-33724,234398,False
-41220,234290,-41200,234310,True
-40304,234314,-40286,234332,False
-37570,234352,-37548,234376,True
-37144,234308,-37116,234336,-1
-36710,234634,-36690,234654,-1
-43504,234088,-43468,234126,False
-42072,234186,-42050,234210,True
-41890,234086,-41868,234108,True
-41350,234118,-41332,234136,True
-41274,234194,-41254,234214,False
-37718,234170,-37696,234192,True
-33914,234156,-33892,234178,-1
-43692,234040,-43674,234060,-1
-36284,234098,-36260,234120,-1
-34810,234016,-34790,234036,False
-30566,234090,-30546,234112,True
-30118,233998,-30094,234020,-1
-42552,233936,-42530,233958,True
-39908,233880,-39880,233906,-1
-39732,233874,-39712,233896,True
-32168,233982,-32144,234006,-1
-30666,233874,-30642,233898,True
-43336,234172,-43314,234196,False
-37464,233806,-37442,233828,True
-43450,233542,-43426,233564,True
-43064,234000,-43044,234022,True
-41410,233492,-41384,233518,-1
-39122,233480,-39100,233502,False
-38508,233464,-38486,233486,False
-37752,233564,-37732,233586,True
-36722,233534,-36702,233556,True
-41096,233382,-41074,233404,True
-39556,233402,-39532,233426,False
-39142,233388,-39122,233410,False
-37526,233320,-37506,233342,True
-32846,233462,-32826,233482,False
-30266,233318,-30236,233350,True
-42982,233228,-42962,233250,-1
-42066,233298,-42046,233318,-1
-33968,233208,-33946,233228,True
-42866,233112,-42846,233132,-1
-42046,233126,-42026,233148,True
-40834,233176,-40810,233200,False
-38030,233124,-38010,233146,True
-34466,233198,-34440,233222,False
-33596,233090,-33574,233112,False
-43886,232958,-43860,232984,False
-40384,233442,-40364,233462,True
-33704,233030,-33682,233052,True
-32484,233002,-32462,233024,False
-42254,232882,-42232,232902,-1
-42676,233356,-42660,233374,True
-41542,232938,-41526,232954,True
-40354,232918,-40332,232940,-1
-38508,232870,-38484,232894,True
-37032,232928,-37000,232960,True
-30770,232952,-30752,232970,False
-42084,232816,-42064,232838,True
-41470,232754,-41452,232770,False
-40310,232836,-40292,232854,True
-38706,232760,-38682,232786,-1
-43778,232558,-43754,232580,True
-41508,232676,-41488,232696,-1
-41426,232698,-41410,232714,True
-41024,232612,-41002,232634,False
-39744,233052,-39724,233072,True
-39220,233048,-39198,233070,True
-34782,232650,-34762,232672,False
-41466,232534,-41450,232552,True
-41610,232442,-41592,232462,True
-40890,232490,-40860,232520,False
-37616,232452,-37592,232476,True
-33084,232458,-33050,232494,False
-33220,232504,-33200,232526,False
-32766,232486,-32740,232512,True
-41562,232362,-41540,232386,True
-41512,232344,-41490,232366,-1
-41414,232336,-41394,232356,True
-40972,232438,-40952,232458,False
-39974,232408,-39954,232430,False
-31134,232376,-31106,232404,True
-42488,232250,-42466,232272,False
-42714,232174,-42690,232198,True
-40012,232196,-39988,232218,-1
-39704,232298,-39684,232318,True
-40128,232260,-40106,232284,True
-39230,232270,-39208,232292,True
-41624,232154,-41604,232176,False
-41694,232114,-41670,232138,True
-40966,232070,-40944,232094,-1
-40304,232142,-40280,232166,-1
-39636,232092,-39616,232112,True
-37390,232126,-37366,232150,True
-37010,232116,-36986,232140,False
-41514,231944,-41494,231964,True
-41358,232016,-41336,232038,True
-39208,231908,-39184,231934,True
-32918,232022,-32892,232046,True
-41114,231920,-41094,231942,-1
-39912,231936,-39888,231958,-1
-39922,231862,-39900,231884,False
-39484,231836,-39458,231860,True
-39074,231910,-39048,231934,True
-36354,231812,-36330,231836,True
-43806,231804,-43786,231826,True
-39946,231756,-39926,231778,True
-37962,232214,-37936,232240,False
-36054,231674,-36032,231698,False
-33422,231758,-33400,231780,False
-33330,231670,-33310,231692,True
-33046,231698,-33022,231724,False
-42196,231644,-42178,231662,True
-42242,231650,-42224,231668,False
-39708,231576,-39690,231596,False
-39664,231596,-39634,231626,False
-39392,231638,-39370,231658,True
-35592,231564,-35570,231588,-1
-33362,231520,-33334,231544,True
-33490,231640,-33468,231662,False
-32328,231596,-32306,231618,True
-42900,231506,-42878,231528,True
-40864,231526,-40842,231548,True
-39518,231418,-39492,231444,-1
-38422,231434,-38400,231456,True
-32894,231976,-32872,231998,False
-32332,231512,-32310,231534,True
-43796,231308,-43768,231334,False
-33364,231798,-33344,231816,False
-33264,231740,-33246,231758,False
-32494,231400,-32474,231420,False
-41292,231212,-41266,231238,True
-41224,231182,-41204,231202,True
-38270,231140,-38242,231166,True
-37318,231238,-37294,231264,False
-36912,231224,-36888,231250,True
-36838,231248,-36802,231286,False
-31434,231168,-31414,231190,-1
-43958,231148,-43936,231170,True
-41250,231050,-41232,231068,True
-31896,231162,-31880,231180,False
-42646,231376,-42622,231398,True
-41458,230940,-41440,230958,True
-41484,230968,-41466,230988,True
-41142,231034,-41126,231052,True
-39712,230926,-39690,230948,True
-39988,231026,-39966,231048,True
-38356,231414,-38340,231428,True
-37072,230966,-37050,230988,False
-36752,230952,-36714,230988,False
-41842,230882,-41826,230898,True
-41260,230868,-41244,230886,True
-40394,230872,-40374,230892,True
-39104,230860,-39078,230886,True
-39390,230798,-39364,230824,True
-38460,230802,-38442,230820,True
-32280,230834,-32262,230850,False
-30072,230800,-30048,230828,True
-41836,230650,-41816,230670,False
-40752,230718,-40730,230738,-1
-40764,230792,-40742,230814,True
-39276,230764,-39248,230792,True
-36790,230696,-36766,230720,True
-43144,230574,-43122,230596,True
-41732,230502,-41708,230526,True
-41826,230610,-41808,230628,False
-41756,230560,-41736,230580,False
-39820,230500,-39794,230528,True
-39244,230502,-39224,230524,False
-36764,230624,-36740,230648,True
-31746,230578,-31722,230602,False
-36000,230464,-35976,230486,True
-31492,230432,-31474,230450,False
-31340,230456,-31320,230478,True
-31192,230470,-31174,230490,False
-42264,230290,-42244,230308,False
-41590,230376,-41572,230396,True
-40500,230362,-40480,230384,True
-31458,230372,-31442,230388,False
-30948,230398,-30924,230422,False
-41552,230244,-41536,230260,True
-31166,230168,-31148,230188,False
-42882,230110,-42858,230132,-1
-41998,230094,-41978,230114,True
-41456,230102,-41434,230122,True
-41148,230084,-41130,230102,True
-41024,230058,-40994,230088,False
-40206,230046,-40182,230070,False
-37342,230094,-37316,230118,True
-32966,230082,-32946,230102,False
-43308,229934,-43290,229952,False
-42386,229886,-42364,229908,True
-42220,229874,-42196,229898,True
-41360,230012,-41336,230036,True
-36344,229948,-36322,229970,False
-34446,229926,-34428,229946,False
-33010,229946,-32984,229972,True
-32514,229884,-32488,229910,True
-43076,229776,-43054,229796,False
-43292,230320,-43268,230342,True
-42354,229806,-42330,229828,False
-40164,229848,-40148,229866,True
-34182,229814,-34160,229836,True
-43126,229742,-43102,229766,-1
-42368,229658,-42344,229682,True
-41186,229642,-41166,229662,False
-41002,229670,-40978,229694,False
-39724,229672,-39698,229698,False
-37278,229644,-37256,229666,False
-32428,229650,-32408,229672,True
-43716,229590,-43690,229614,-1
-41422,229560,-41406,229574,True
-43952,229470,-43930,229492,-1
-42438,229436,-42414,229458,True
-42154,229416,-42128,229442,False
-38808,229350,-38788,229370,True
-32576,229874,-32558,229894,False
-32358,229866,-32342,229882,True
-30448,229218,-30426,229242,True
-42280,229034,-42256,229056,-1
-40494,229072,-40476,229090,False
-30536,229030,-30516,229050,True
-30166,229016,-30142,229040,True
-43876,229436,-43856,229458,-1
-38536,228950,-38514,228972,False
-31618,228954,-31600,228972,False
-30456,228900,-30432,228926,False
-35046,228810,-35022,228834,True
-30202,228562,-30182,228582,True
-41972,228440,-41944,228468,True
-41292,228474,-41272,228494,True
-39328,228372,-39304,228394,False
-43570,228230,-43548,228252,True
-41630,228310,-41610,228332,True
-38560,228200,-38534,228222,True
-36566,228270,-36544,228292,False
-31202,228256,-31180,228278,False
-41636,228138,-41614,228160,True
-41310,228078,-41286,228100,True
-31242,228082,-31216,228110,False
-31338,228182,-31314,228204,False
-42750,228056,-42730,228076,False
-41512,227966,-41490,227986,True
-41036,228028,-41018,228046,True
-41078,228042,-41062,228060,True
-41638,227904,-41620,227922,True
-41024,227882,-41006,227900,False
-40848,227832,-40828,227852,False
-39882,228424,-39854,228448,False
-38836,227902,-38816,227922,False
-30862,227934,-30842,227956,True
-41320,227770,-41302,227788,True
-32916,227756,-32894,227778,False
-31102,227782,-31080,227804,True
-31836,227598,-31816,227618,False
-41472,227434,-41450,227456,True
-31270,227504,-31252,227522,False
-30954,227480,-30934,227500,False
-30940,227528,-30918,227550,True
-31740,227390,-31718,227412,True
-40768,227290,-40752,227308,False
-38136,227352,-38116,227372,True
-37728,227240,-37708,227260,False
-33066,227660,-33040,227680,False
-30614,227550,-30596,227570,False
-30080,227512,-30060,227532,False
-37982,226940,-37960,226964,True
-33494,227004,-33474,227024,False
-36220,226924,-36202,226944,False
-36856,226596,-36832,226618,True
-36592,226640,-36572,226662,False
-37392,226436,-37370,226458,False
-36960,226456,-36932,226484,True
-35686,226472,-35664,226496,False
-36490,226328,-36470,226352,False
-42592,225862,-42570,225880,False
-38060,225812,-38042,225830,False
-34386,225698,-34368,225716,False
-34104,225694,-34088,225710,True
-36196,225542,-36172,225566,True
-41988,225338,-41970,225358,False
-40502,225284,-40480,225304,True
-36722,225266,-36698,225290,False
-34820,225182,-34800,225202,True
-33896,225622,-33876,225640,False
-40738,225080,-40710,225108,False
-38760,225096,-38730,225126,True
-37762,224952,-37740,224972,False
-40346,225358,-40322,225376,True
-42694,224652,-42668,224680,False
-35798,224736,-35780,224754,False
-37796,224608,-37778,224626,False
-36680,224614,-36656,224640,True
-39998,224480,-39978,224500,False
-38436,224436,-38416,224456,False
-37110,224468,-37090,224490,True
-43798,224260,-43776,224282,False
-38992,224230,-38968,224256,True
-37402,224228,-37376,224252,True
-36054,224768,-36036,224786,True
-43612,224242,-43594,224260,False
-43606,224134,-43588,224152,True
-42736,224154,-42712,224178,False
-41146,224174,-41122,224198,True
-40360,224170,-40342,224188,True
-41310,224054,-41282,224080,False
-34500,224074,-34480,224094,False
-31878,224026,-31858,224044,True
-43550,223946,-43534,223964,False
-37530,223980,-37516,223994,True
-35380,223922,-35360,223942,-1
-32684,223936,-32662,223956,False
-32540,223866,-32520,223888,False
-32180,223918,-32160,223938,True
-43708,223744,-43686,223768,False
-42698,223784,-42676,223806,False
-40034,223766,-40012,223790,False
-32836,223766,-32812,223790,True
-32426,223812,-32402,223836,True
-43198,223680,-43174,223704,True
-42646,223660,-42624,223682,True
-40808,223714,-40790,223732,False
-36506,223624,-36484,223646,True
-35446,223718,-35428,223736,True
-42764,223576,-42740,223596,True
-39776,223456,-39752,223480,True
-34658,223524,-34632,223548,True
-40152,223390,-40132,223410,True
-36172,223498,-36152,223516,True
-43044,223358,-43024,223378,False
-42284,223290,-42262,223312,False
-36546,223280,-36524,223300,False
-36830,223316,-36810,223340,True
-42636,223122,-42616,223142,True
-42514,223178,-42490,223200,True
-36818,223156,-36792,223182,False
-36382,223206,-36364,223226,False
-33938,223114,-33920,223132,True
-33674,223104,-33654,223124,True
-37214,223012,-37194,223034,True
-34366,222954,-34342,222978,True
-41948,222886,-41928,222908,True
-40526,222878,-40504,222902,False
-34382,222904,-34364,222924,False
-37080,223040,-37058,223062,True
-34064,222664,-34046,222682,True
-32452,222612,-32432,222630,True
-37174,222488,-37152,222510,True
-37442,222516,-37416,222542,True
-34564,223016,-34544,223036,-1
-34784,222508,-34760,222532,True
-33122,222482,-33102,222502,False
-33026,222502,-33006,222520,-1
-32996,222490,-32978,222508,True
-33174,222520,-33154,222540,True
-37394,222392,-37374,222414,True
-37324,222826,-37300,222850,False
-37370,222384,-37348,222404,False
-34694,222306,-34664,222332,True
-34058,222466,-34036,222488,False
-37512,222280,-37494,222298,False
-33654,222646,-33632,222668,False
-40820,222154,-40796,222176,True
-37880,222192,-37862,222210,True
-36826,222114,-36806,222132,False
-35344,222094,-35322,222116,False
-32934,222588,-32916,222606,True
-32888,221926,-32866,221948,True
-33334,221856,-33308,221884,True
-43140,221774,-43114,221800,False
-41566,221754,-41542,221776,False
-39110,221768,-39090,221790,True
-38674,221730,-38648,221758,-1
-37852,221674,-37828,221698,True
-33576,221540,-33552,221564,-1
-37800,221464,-37778,221486,True
-37146,221470,-37122,221494,True
-35432,221478,-35410,221500,True
-43396,221296,-43370,221322,False
-37156,221350,-37134,221374,-1
-34254,221206,-34230,221232,True
-33644,221196,-33626,221214,-1
-33144,221240,-33120,221266,True
-38192,221054,-38172,221074,True
-36424,221058,-36402,221082,False
-36364,221074,-36344,221096,-1
-35354,221130,-35332,221152,True
-35402,221036,-35378,221060,False
-42490,221454,-42466,221476,False
-39742,220964,-39724,220982,False
-36760,221016,-36736,221042,True
-34444,220902,-34420,220926,True
-42904,221388,-42878,221408,True
-39082,220824,-39066,220840,True
-34464,220790,-34444,220810,True
-40900,220790,-40880,220810,True
-38972,220746,-38952,220768,False
-34514,220666,-34494,220686,True
-41504,220522,-41478,220548,-1
-41416,220592,-41396,220612,True
-37580,220572,-37560,220594,True
-35998,220590,-35976,220614,-1
-35152,220562,-35136,220578,True
-34654,220624,-34634,220642,True
-34660,220562,-34636,220586,True
-37868,220866,-37848,220884,False
-34680,220444,-34658,220468,True
-35038,220444,-35018,220466,True
-34374,220482,-34350,220506,True
-34610,220428,-34590,220448,True
-37508,220400,-37484,220424,True
-35348,220410,-35330,220426,True
-34252,220408,-34228,220430,False
-37860,220132,-37834,220158,True
-37646,220206,-37626,220228,False
-36862,220642,-36842,220662,True
-36572,220152,-36554,220172,True
-34496,220118,-34476,220138,True
-34226,220600,-34204,220622,True
-40496,220002,-40474,220024,True
-37598,219920,-37574,219946,True
-37830,220288,-37808,220310,False
-34866,220418,-34844,220438,False
-41602,219840,-41584,219858,True
-39574,219780,-39548,219808,True
-39462,219716,-39442,219736,False
-36674,219678,-36652,219700,True
-35874,219698,-35846,219726,True
-42754,219610,-42732,219634,False
-38288,220110,-38266,220128,True
-37232,219500,-37208,219526,False
-41884,219416,-41864,219436,True
-38278,219470,-38252,219496,True
-38652,219306,-38632,219326,True
-37346,219390,-37326,219410,False
-33358,219348,-33336,219368,True
-41684,219180,-41658,219206,True
-37418,219118,-37396,219142,True
-39220,219066,-39202,219086,False
-33744,219128,-33722,219148,False
-33316,219342,-33296,219362,True
-33172,219540,-33150,219564,-1
-38808,219362,-38790,219380,True
-37986,218872,-37962,218898,True
-35772,218924,-35752,218944,True
-35018,218948,-34998,218966,True
-35062,218940,-35046,218956,True
-34864,219306,-34846,219322,True
-38632,218844,-38610,218866,False
-35012,218832,-34992,218852,True
-34798,218828,-34782,218846,True
-35658,218702,-35634,218726,True
-40016,218590,-39990,218616,-1
-36468,218374,-36442,218400,False
-43094,218748,-43072,218770,True
-43016,218752,-42994,218772,True
-36266,218208,-36238,218232,True
-34634,218266,-34614,218286,True
-39070,218158,-39050,218176,False
-35174,218174,-35154,218194,True
-36760,218036,-36738,218060,False
-35510,218032,-35490,218050,False
-34312,218072,-34290,218094,False
-33812,218060,-33796,218076,True
-42208,218078,-42190,218094,False
-36742,217752,-36720,217776,True
-35010,217794,-34992,217812,-1
-37638,217646,-37614,217670,False
-36160,217288,-36132,217314,True
-35098,217198,-35076,217220,-1
-36714,217004,-36692,217026,False
-34644,217002,-34622,217022,True
-36122,216812,-36092,216842,True
-34212,216768,-34192,216790,True
-34250,216768,-34226,216794,False
-37066,216620,-37046,216638,True
-34844,216582,-34826,216602,True
-34242,216580,-34216,216604,True
-37430,216438,-37412,216456,True
-37238,216534,-37218,216552,True
-34828,216520,-34802,216546,False
-34532,216578,-34510,216602,True
-37396,216326,-37374,216348,True
-37128,216324,-37104,216348,True
-37130,216374,-37106,216398,True
-34998,216258,-34972,216284,True
-35066,216044,-35040,216072,True
